Time,HeartRate,Cadence
2023-10-01 00:00:00,140,177
2023-10-01 00:00:01,132,176
2023-10-01 00:00:02,129,177
2023-10-01 00:00:03,128,172
2023-10-01 00:00:04,133,174
2023-10-01 00:00:05,137,175
2023-10-01 00:00:06,138,173
2023-10-01 00:00:07,140,175
2023-10-01 00:00:08,134,177
2023-10-01 00:00:09,129,176
2023-10-01 00:00:10,140,177
2023-10-01 00:00:11,136,177
2023-10-01 00:00:12,134,174
2023-10-01 00:00:13,132,173
2023-10-01 00:00:14,139,172
2023-10-01 00:00:15,140,175
2023-10-01 00:00:16,128,174
2023-10-01 00:00:17,141,175
2023-10-01 00:00:18,136,175
2023-10-01 00:00:19,132,174
2023-10-01 00:00:20,139,173
2023-10-01 00:00:21,129,177
2023-10-01 00:00:22,131,173
2023-10-01 00:00:23,133,173
2023-10-01 00:00:24,135,174
2023-10-01 00:00:25,142,172
2023-10-01 00:00:26,129,172
2023-10-01 00:00:27,128,173
2023-10-01 00:00:28,131,172
2023-10-01 00:00:29,131,177
2023-10-01 00:00:30,136,176
2023-10-01 00:00:31,139,174
2023-10-01 00:00:32,135,174
2023-10-01 00:00:33,128,173
2023-10-01 00:00:34,140,176
2023-10-01 00:00:35,139,177
2023-10-01 00:00:36,138,176
2023-10-01 00:00:37,135,175
2023-10-01 00:00:38,135,176
2023-10-01 00:00:39,139,173
2023-10-01 00:00:40,137,177
2023-10-01 00:00:41,128,173
2023-10-01 00:00:42,135,176
2023-10-01 00:00:43,133,175
2023-10-01 00:00:44,132,177
2023-10-01 00:00:45,141,173
2023-10-01 00:00:46,140,173
2023-10-01 00:00:47,133,173
2023-10-01 00:00:48,128,173
2023-10-01 00:00:49,136,175
2023-10-01 00:00:50,129,176
2023-10-01 00:00:51,137,175
2023-10-01 00:00:52,133,173
2023-10-01 00:00:53,128,173
2023-10-01 00:00:54,133,174
2023-10-01 00:00:55,132,175
2023-10-01 00:00:56,139,174
2023-10-01 00:00:57,136,176
2023-10-01 00:00:58,140,173
2023-10-01 00:00:59,130,175
2023-10-01 00:01:00,136,173
2023-10-01 00:01:01,139,174
2023-10-01 00:01:02,134,173
2023-10-01 00:01:03,138,177
2023-10-01 00:01:04,131,173
2023-10-01 00:01:05,131,174
2023-10-01 00:01:06,132,176
2023-10-01 00:01:07,142,174
2023-10-01 00:01:08,129,173
2023-10-01 00:01:09,132,173
2023-10-01 00:01:10,133,176
2023-10-01 00:01:11,141,177
2023-10-01 00:01:12,137,174
2023-10-01 00:01:13,130,174
2023-10-01 00:01:14,138,175
2023-10-01 00:01:15,137,172
2023-10-01 00:01:16,138,175
2023-10-01 00:01:17,134,175
2023-10-01 00:01:18,134,175
2023-10-01 00:01:19,135,172
2023-10-01 00:01:20,130,172
2023-10-01 00:01:21,140,177
2023-10-01 00:01:22,129,172
2023-10-01 00:01:23,130,174
2023-10-01 00:01:24,133,174
2023-10-01 00:01:25,137,177
2023-10-01 00:01:26,141,176
2023-10-01 00:01:27,132,176
2023-10-01 00:01:28,140,176
2023-10-01 00:01:29,142,176
2023-10-01 00:01:30,139,173
2023-10-01 00:01:31,129,173
2023-10-01 00:01:32,141,174
2023-10-01 00:01:33,129,177
2023-10-01 00:01:34,140,173
2023-10-01 00:01:35,134,176
2023-10-01 00:01:36,140,177
2023-10-01 00:01:37,133,175
2023-10-01 00:01:38,139,172
2023-10-01 00:01:39,131,172
2023-10-01 00:01:40,140,176
2023-10-01 00:01:41,131,176
2023-10-01 00:01:42,142,177
2023-10-01 00:01:43,129,174
2023-10-01 00:01:44,142,175
2023-10-01 00:01:45,130,175
2023-10-01 00:01:46,133,177
2023-10-01 00:01:47,132,174
2023-10-01 00:01:48,138,177
2023-10-01 00:01:49,130,174
2023-10-01 00:01:50,134,173
2023-10-01 00:01:51,141,177
2023-10-01 00:01:52,132,177
2023-10-01 00:01:53,133,177
2023-10-01 00:01:54,130,176
2023-10-01 00:01:55,140,175
2023-10-01 00:01:56,142,176
2023-10-01 00:01:57,131,174
2023-10-01 00:01:58,130,175
2023-10-01 00:01:59,131,175
2023-10-01 00:02:00,128,177
2023-10-01 00:02:01,138,172
2023-10-01 00:02:02,133,173
2023-10-01 00:02:03,132,177
2023-10-01 00:02:04,138,175
2023-10-01 00:02:05,136,174
2023-10-01 00:02:06,132,177
2023-10-01 00:02:07,132,175
2023-10-01 00:02:08,130,172
2023-10-01 00:02:09,128,172
2023-10-01 00:02:10,132,175
2023-10-01 00:02:11,134,172
2023-10-01 00:02:12,130,172
2023-10-01 00:02:13,137,177
2023-10-01 00:02:14,142,177
2023-10-01 00:02:15,142,175
2023-10-01 00:02:16,136,172
2023-10-01 00:02:17,139,177
2023-10-01 00:02:18,139,177
2023-10-01 00:02:19,138,173
2023-10-01 00:02:20,130,173
2023-10-01 00:02:21,133,173
2023-10-01 00:02:22,138,174
2023-10-01 00:02:23,130,174
2023-10-01 00:02:24,137,175
2023-10-01 00:02:25,133,175
2023-10-01 00:02:26,133,175
2023-10-01 00:02:27,138,177
2023-10-01 00:02:28,140,174
2023-10-01 00:02:29,135,172
2023-10-01 00:02:30,128,177
2023-10-01 00:02:31,142,172
2023-10-01 00:02:32,131,173
2023-10-01 00:02:33,138,177
2023-10-01 00:02:34,133,174
2023-10-01 00:02:35,139,173
2023-10-01 00:02:36,128,175
2023-10-01 00:02:37,129,176
2023-10-01 00:02:38,137,174
2023-10-01 00:02:39,139,175
2023-10-01 00:02:40,140,175
2023-10-01 00:02:41,135,172
2023-10-01 00:02:42,139,177
2023-10-01 00:02:43,139,175
2023-10-01 00:02:44,132,173
2023-10-01 00:02:45,133,174
2023-10-01 00:02:46,134,174
2023-10-01 00:02:47,140,174
2023-10-01 00:02:48,139,176
2023-10-01 00:02:49,131,172
2023-10-01 00:02:50,131,173
2023-10-01 00:02:51,136,176
2023-10-01 00:02:52,133,174
2023-10-01 00:02:53,136,174
2023-10-01 00:02:54,128,172
2023-10-01 00:02:55,138,172
2023-10-01 00:02:56,142,174
2023-10-01 00:02:57,133,177
2023-10-01 00:02:58,139,174
2023-10-01 00:02:59,133,176
2023-10-01 00:03:00,129,172
2023-10-01 00:03:01,137,173
2023-10-01 00:03:02,142,175
2023-10-01 00:03:03,129,172
2023-10-01 00:03:04,134,175
2023-10-01 00:03:05,139,175
2023-10-01 00:03:06,131,176
2023-10-01 00:03:07,128,174
2023-10-01 00:03:08,129,176
2023-10-01 00:03:09,135,177
2023-10-01 00:03:10,138,174
2023-10-01 00:03:11,138,175
2023-10-01 00:03:12,139,173
2023-10-01 00:03:13,140,174
2023-10-01 00:03:14,129,173
2023-10-01 00:03:15,128,173
2023-10-01 00:03:16,141,174
2023-10-01 00:03:17,138,173
2023-10-01 00:03:18,128,175
2023-10-01 00:03:19,142,176
2023-10-01 00:03:20,131,176
2023-10-01 00:03:21,130,172
2023-10-01 00:03:22,130,175
2023-10-01 00:03:23,136,175
2023-10-01 00:03:24,135,177
2023-10-01 00:03:25,129,174
2023-10-01 00:03:26,129,172
2023-10-01 00:03:27,131,176
2023-10-01 00:03:28,133,173
2023-10-01 00:03:29,130,175
2023-10-01 00:03:30,135,172
2023-10-01 00:03:31,134,172
2023-10-01 00:03:32,136,174
2023-10-01 00:03:33,132,174
2023-10-01 00:03:34,137,174
2023-10-01 00:03:35,142,174
2023-10-01 00:03:36,128,173
2023-10-01 00:03:37,129,173
2023-10-01 00:03:38,132,172
2023-10-01 00:03:39,137,175
2023-10-01 00:03:40,136,173
2023-10-01 00:03:41,133,173
2023-10-01 00:03:42,129,172
2023-10-01 00:03:43,134,173
2023-10-01 00:03:44,129,176
2023-10-01 00:03:45,138,177
2023-10-01 00:03:46,132,172
2023-10-01 00:03:47,130,172
2023-10-01 00:03:48,134,173
2023-10-01 00:03:49,140,174
2023-10-01 00:03:50,140,173
2023-10-01 00:03:51,142,175
2023-10-01 00:03:52,134,173
2023-10-01 00:03:53,142,176
2023-10-01 00:03:54,135,172
2023-10-01 00:03:55,131,177
2023-10-01 00:03:56,132,175
2023-10-01 00:03:57,132,174
2023-10-01 00:03:58,133,173
2023-10-01 00:03:59,137,172
2023-10-01 00:04:00,132,177
2023-10-01 00:04:01,139,176
2023-10-01 00:04:02,129,174
2023-10-01 00:04:03,128,176
2023-10-01 00:04:04,140,174
2023-10-01 00:04:05,137,173
2023-10-01 00:04:06,138,173
2023-10-01 00:04:07,135,177
2023-10-01 00:04:08,142,173
2023-10-01 00:04:09,136,173
2023-10-01 00:04:10,142,172
2023-10-01 00:04:11,131,176
2023-10-01 00:04:12,134,172
2023-10-01 00:04:13,134,175
2023-10-01 00:04:14,137,173
2023-10-01 00:04:15,135,174
2023-10-01 00:04:16,141,175
2023-10-01 00:04:17,138,173
2023-10-01 00:04:18,135,174
2023-10-01 00:04:19,131,175
2023-10-01 00:04:20,140,173
2023-10-01 00:04:21,133,177
2023-10-01 00:04:22,128,175
2023-10-01 00:04:23,142,174
2023-10-01 00:04:24,131,176
2023-10-01 00:04:25,129,176
2023-10-01 00:04:26,134,175
2023-10-01 00:04:27,132,177
2023-10-01 00:04:28,132,174
2023-10-01 00:04:29,135,172
2023-10-01 00:04:30,142,174
2023-10-01 00:04:31,134,174
2023-10-01 00:04:32,137,174
2023-10-01 00:04:33,139,177
2023-10-01 00:04:34,142,177
2023-10-01 00:04:35,140,173
2023-10-01 00:04:36,137,172
2023-10-01 00:04:37,129,177
2023-10-01 00:04:38,138,173
2023-10-01 00:04:39,136,175
2023-10-01 00:04:40,133,172
2023-10-01 00:04:41,130,175
2023-10-01 00:04:42,132,175
2023-10-01 00:04:43,137,172
2023-10-01 00:04:44,140,176
2023-10-01 00:04:45,142,176
2023-10-01 00:04:46,135,176
2023-10-01 00:04:47,136,177
2023-10-01 00:04:48,130,177
2023-10-01 00:04:49,131,172
2023-10-01 00:04:50,136,173
2023-10-01 00:04:51,130,177
2023-10-01 00:04:52,141,173
2023-10-01 00:04:53,133,177
2023-10-01 00:04:54,140,172
2023-10-01 00:04:55,135,177
2023-10-01 00:04:56,134,174
2023-10-01 00:04:57,135,177
2023-10-01 00:04:58,128,175
2023-10-01 00:04:59,135,173
2023-10-01 00:05:00,129,173
2023-10-01 00:05:01,140,172
2023-10-01 00:05:02,131,176
2023-10-01 00:05:03,142,174
2023-10-01 00:05:04,129,173
2023-10-01 00:05:05,132,177
2023-10-01 00:05:06,137,173
2023-10-01 00:05:07,142,172
2023-10-01 00:05:08,136,173
2023-10-01 00:05:09,128,175
2023-10-01 00:05:10,130,177
2023-10-01 00:05:11,131,176
2023-10-01 00:05:12,142,176
2023-10-01 00:05:13,128,176
2023-10-01 00:05:14,130,176
2023-10-01 00:05:15,128,176
2023-10-01 00:05:16,135,177
2023-10-01 00:05:17,133,174
2023-10-01 00:05:18,137,174
2023-10-01 00:05:19,129,177
2023-10-01 00:05:20,139,175
2023-10-01 00:05:21,130,174
2023-10-01 00:05:22,133,177
2023-10-01 00:05:23,142,176
2023-10-01 00:05:24,142,172
2023-10-01 00:05:25,135,177
2023-10-01 00:05:26,138,177
2023-10-01 00:05:27,132,173
2023-10-01 00:05:28,134,172
2023-10-01 00:05:29,131,177
2023-10-01 00:05:30,128,175
2023-10-01 00:05:31,139,174
2023-10-01 00:05:32,129,172
2023-10-01 00:05:33,130,172
2023-10-01 00:05:34,138,177
2023-10-01 00:05:35,142,175
2023-10-01 00:05:36,140,172
2023-10-01 00:05:37,138,173
2023-10-01 00:05:38,137,177
2023-10-01 00:05:39,133,172
2023-10-01 00:05:40,134,174
2023-10-01 00:05:41,130,174
2023-10-01 00:05:42,142,175
2023-10-01 00:05:43,137,173
2023-10-01 00:05:44,129,173
2023-10-01 00:05:45,142,174
2023-10-01 00:05:46,134,175
2023-10-01 00:05:47,134,175
2023-10-01 00:05:48,141,176
2023-10-01 00:05:49,140,174
2023-10-01 00:05:50,135,174
2023-10-01 00:05:51,139,174
2023-10-01 00:05:52,128,173
2023-10-01 00:05:53,141,172
2023-10-01 00:05:54,128,174
2023-10-01 00:05:55,133,174
2023-10-01 00:05:56,128,172
2023-10-01 00:05:57,140,174
2023-10-01 00:05:58,137,172
2023-10-01 00:05:59,142,172
2023-10-01 00:06:00,134,174
2023-10-01 00:06:01,137,174
2023-10-01 00:06:02,137,172
2023-10-01 00:06:03,131,175
2023-10-01 00:06:04,141,175
2023-10-01 00:06:05,136,174
2023-10-01 00:06:06,132,177
2023-10-01 00:06:07,141,174
2023-10-01 00:06:08,129,174
2023-10-01 00:06:09,140,177
2023-10-01 00:06:10,129,173
2023-10-01 00:06:11,140,175
2023-10-01 00:06:12,142,177
2023-10-01 00:06:13,140,173
2023-10-01 00:06:14,138,175
2023-10-01 00:06:15,136,173
2023-10-01 00:06:16,141,172
2023-10-01 00:06:17,142,174
2023-10-01 00:06:18,141,176
2023-10-01 00:06:19,141,176
2023-10-01 00:06:20,141,177
2023-10-01 00:06:21,131,176
2023-10-01 00:06:22,138,173
2023-10-01 00:06:23,136,173
2023-10-01 00:06:24,136,175
2023-10-01 00:06:25,131,173
2023-10-01 00:06:26,137,176
2023-10-01 00:06:27,130,172
2023-10-01 00:06:28,134,174
2023-10-01 00:06:29,133,172
2023-10-01 00:06:30,142,173
2023-10-01 00:06:31,136,175
2023-10-01 00:06:32,134,174
2023-10-01 00:06:33,135,177
2023-10-01 00:06:34,129,173
2023-10-01 00:06:35,141,175
2023-10-01 00:06:36,132,175
2023-10-01 00:06:37,141,177
2023-10-01 00:06:38,129,176
2023-10-01 00:06:39,133,173
2023-10-01 00:06:40,139,176
2023-10-01 00:06:41,138,175
2023-10-01 00:06:42,141,174
2023-10-01 00:06:43,131,172
2023-10-01 00:06:44,138,173
2023-10-01 00:06:45,128,172
2023-10-01 00:06:46,132,176
2023-10-01 00:06:47,141,177
2023-10-01 00:06:48,129,173
2023-10-01 00:06:49,141,174
2023-10-01 00:06:50,142,174
2023-10-01 00:06:51,139,177
2023-10-01 00:06:52,140,177
2023-10-01 00:06:53,134,172
2023-10-01 00:06:54,142,177
2023-10-01 00:06:55,135,172
2023-10-01 00:06:56,137,175
2023-10-01 00:06:57,136,174
2023-10-01 00:06:58,136,172
2023-10-01 00:06:59,138,176
2023-10-01 00:07:00,131,176
2023-10-01 00:07:01,141,172
2023-10-01 00:07:02,131,173
2023-10-01 00:07:03,135,177
2023-10-01 00:07:04,129,174
2023-10-01 00:07:05,133,177
2023-10-01 00:07:06,130,173
2023-10-01 00:07:07,129,176
2023-10-01 00:07:08,131,176
2023-10-01 00:07:09,131,177
2023-10-01 00:07:10,134,174
2023-10-01 00:07:11,140,175
2023-10-01 00:07:12,140,173
2023-10-01 00:07:13,139,172
2023-10-01 00:07:14,134,174
2023-10-01 00:07:15,142,175
2023-10-01 00:07:16,130,175
2023-10-01 00:07:17,138,176
2023-10-01 00:07:18,133,172
2023-10-01 00:07:19,130,177
2023-10-01 00:07:20,128,176
2023-10-01 00:07:21,131,177
2023-10-01 00:07:22,137,176
2023-10-01 00:07:23,129,172
2023-10-01 00:07:24,139,174
2023-10-01 00:07:25,140,174
2023-10-01 00:07:26,130,172
2023-10-01 00:07:27,139,175
2023-10-01 00:07:28,133,173
2023-10-01 00:07:29,135,174
2023-10-01 00:07:30,131,172
2023-10-01 00:07:31,142,176
2023-10-01 00:07:32,128,173
2023-10-01 00:07:33,142,173
2023-10-01 00:07:34,139,172
2023-10-01 00:07:35,140,176
2023-10-01 00:07:36,138,173
2023-10-01 00:07:37,128,174
2023-10-01 00:07:38,132,177
2023-10-01 00:07:39,134,172
2023-10-01 00:07:40,139,176
2023-10-01 00:07:41,135,172
2023-10-01 00:07:42,142,175
2023-10-01 00:07:43,141,177
2023-10-01 00:07:44,141,173
2023-10-01 00:07:45,131,177
2023-10-01 00:07:46,137,172
2023-10-01 00:07:47,135,175
2023-10-01 00:07:48,129,176
2023-10-01 00:07:49,129,174
2023-10-01 00:07:50,131,177
2023-10-01 00:07:51,133,175
2023-10-01 00:07:52,132,176
2023-10-01 00:07:53,132,176
2023-10-01 00:07:54,141,173
2023-10-01 00:07:55,131,174
2023-10-01 00:07:56,142,177
2023-10-01 00:07:57,139,172
2023-10-01 00:07:58,139,172
2023-10-01 00:07:59,134,177
2023-10-01 00:08:00,131,175
2023-10-01 00:08:01,128,177
2023-10-01 00:08:02,130,172
2023-10-01 00:08:03,140,175
2023-10-01 00:08:04,139,173
2023-10-01 00:08:05,132,174
2023-10-01 00:08:06,140,173
2023-10-01 00:08:07,131,177
2023-10-01 00:08:08,131,176
2023-10-01 00:08:09,140,174
2023-10-01 00:08:10,132,172
2023-10-01 00:08:11,128,176
2023-10-01 00:08:12,134,177
2023-10-01 00:08:13,132,172
2023-10-01 00:08:14,133,175
2023-10-01 00:08:15,141,172
2023-10-01 00:08:16,140,174
2023-10-01 00:08:17,137,176
2023-10-01 00:08:18,142,177
2023-10-01 00:08:19,130,175
2023-10-01 00:08:20,131,177
2023-10-01 00:08:21,137,175
2023-10-01 00:08:22,135,176
2023-10-01 00:08:23,138,173
2023-10-01 00:08:24,141,176
2023-10-01 00:08:25,141,176
2023-10-01 00:08:26,142,177
2023-10-01 00:08:27,129,172
2023-10-01 00:08:28,128,174
2023-10-01 00:08:29,141,173
2023-10-01 00:08:30,137,175
2023-10-01 00:08:31,142,177
2023-10-01 00:08:32,135,174
2023-10-01 00:08:33,142,174
2023-10-01 00:08:34,140,172
2023-10-01 00:08:35,139,172
2023-10-01 00:08:36,142,175
2023-10-01 00:08:37,135,174
2023-10-01 00:08:38,136,176
2023-10-01 00:08:39,137,172
2023-10-01 00:08:40,141,174
2023-10-01 00:08:41,128,173
2023-10-01 00:08:42,142,177
2023-10-01 00:08:43,133,176
2023-10-01 00:08:44,130,172
2023-10-01 00:08:45,136,175
2023-10-01 00:08:46,138,172
2023-10-01 00:08:47,137,175
2023-10-01 00:08:48,139,172
2023-10-01 00:08:49,140,176
2023-10-01 00:08:50,131,175
2023-10-01 00:08:51,141,174
2023-10-01 00:08:52,131,172
2023-10-01 00:08:53,140,175
2023-10-01 00:08:54,136,177
2023-10-01 00:08:55,136,172
2023-10-01 00:08:56,130,175
2023-10-01 00:08:57,133,175
2023-10-01 00:08:58,142,172
2023-10-01 00:08:59,130,175
2023-10-01 00:09:00,141,176
2023-10-01 00:09:01,134,175
2023-10-01 00:09:02,128,175
2023-10-01 00:09:03,133,175
2023-10-01 00:09:04,136,175
2023-10-01 00:09:05,141,174
2023-10-01 00:09:06,133,177
2023-10-01 00:09:07,141,173
2023-10-01 00:09:08,130,172
2023-10-01 00:09:09,141,172
2023-10-01 00:09:10,135,177
2023-10-01 00:09:11,133,172
2023-10-01 00:09:12,142,177
2023-10-01 00:09:13,139,172
2023-10-01 00:09:14,133,172
2023-10-01 00:09:15,135,177
2023-10-01 00:09:16,138,172
2023-10-01 00:09:17,131,176
2023-10-01 00:09:18,142,175
2023-10-01 00:09:19,129,174
2023-10-01 00:09:20,128,172
2023-10-01 00:09:21,142,174
2023-10-01 00:09:22,129,173
2023-10-01 00:09:23,133,172
2023-10-01 00:09:24,133,177
2023-10-01 00:09:25,141,172
2023-10-01 00:09:26,134,174
2023-10-01 00:09:27,136,173
2023-10-01 00:09:28,130,172
2023-10-01 00:09:29,136,173
2023-10-01 00:09:30,140,172
2023-10-01 00:09:31,130,177
2023-10-01 00:09:32,131,175
2023-10-01 00:09:33,141,173
2023-10-01 00:09:34,133,173
2023-10-01 00:09:35,129,174
2023-10-01 00:09:36,137,173
2023-10-01 00:09:37,128,173
2023-10-01 00:09:38,136,172
2023-10-01 00:09:39,133,173
2023-10-01 00:09:40,135,175
2023-10-01 00:09:41,128,174
2023-10-01 00:09:42,141,176
2023-10-01 00:09:43,142,175
2023-10-01 00:09:44,142,177
2023-10-01 00:09:45,132,176
2023-10-01 00:09:46,131,176
2023-10-01 00:09:47,139,177
2023-10-01 00:09:48,129,173
2023-10-01 00:09:49,137,174
2023-10-01 00:09:50,129,176
2023-10-01 00:09:51,133,177
2023-10-01 00:09:52,129,174
2023-10-01 00:09:53,131,173
2023-10-01 00:09:54,135,173
2023-10-01 00:09:55,137,177
2023-10-01 00:09:56,138,176
2023-10-01 00:09:57,137,173
2023-10-01 00:09:58,130,177
2023-10-01 00:09:59,132,175
2023-10-01 00:10:00,142,177
2023-10-01 00:10:01,132,177
2023-10-01 00:10:02,131,172
2023-10-01 00:10:03,138,176
2023-10-01 00:10:04,136,174
2023-10-01 00:10:05,141,175
2023-10-01 00:10:06,140,177
2023-10-01 00:10:07,138,177
2023-10-01 00:10:08,131,174
2023-10-01 00:10:09,141,175
2023-10-01 00:10:10,141,177
2023-10-01 00:10:11,137,173
2023-10-01 00:10:12,128,176
2023-10-01 00:10:13,132,172
2023-10-01 00:10:14,133,177
2023-10-01 00:10:15,138,174
2023-10-01 00:10:16,138,177
2023-10-01 00:10:17,141,175
2023-10-01 00:10:18,138,175
2023-10-01 00:10:19,138,175
2023-10-01 00:10:20,134,172
2023-10-01 00:10:21,136,177
2023-10-01 00:10:22,139,175
2023-10-01 00:10:23,131,175
2023-10-01 00:10:24,141,173
2023-10-01 00:10:25,142,174
2023-10-01 00:10:26,131,174
2023-10-01 00:10:27,129,173
2023-10-01 00:10:28,139,172
2023-10-01 00:10:29,130,172
2023-10-01 00:10:30,133,176
2023-10-01 00:10:31,141,173
2023-10-01 00:10:32,131,174
2023-10-01 00:10:33,132,172
2023-10-01 00:10:34,132,174
2023-10-01 00:10:35,141,174
2023-10-01 00:10:36,129,175
2023-10-01 00:10:37,141,177
2023-10-01 00:10:38,131,176
2023-10-01 00:10:39,140,177
2023-10-01 00:10:40,142,176
2023-10-01 00:10:41,140,175
2023-10-01 00:10:42,132,173
2023-10-01 00:10:43,130,177
2023-10-01 00:10:44,129,174
2023-10-01 00:10:45,134,177
2023-10-01 00:10:46,132,176
2023-10-01 00:10:47,137,177
2023-10-01 00:10:48,136,175
2023-10-01 00:10:49,138,177
2023-10-01 00:10:50,135,176
2023-10-01 00:10:51,136,173
2023-10-01 00:10:52,141,175
2023-10-01 00:10:53,130,175
2023-10-01 00:10:54,131,174
2023-10-01 00:10:55,131,173
2023-10-01 00:10:56,129,176
2023-10-01 00:10:57,141,172
2023-10-01 00:10:58,137,174
2023-10-01 00:10:59,130,176
2023-10-01 00:11:00,139,177
2023-10-01 00:11:01,138,172
2023-10-01 00:11:02,133,176
2023-10-01 00:11:03,128,175
2023-10-01 00:11:04,132,173
2023-10-01 00:11:05,128,173
2023-10-01 00:11:06,136,176
2023-10-01 00:11:07,140,172
2023-10-01 00:11:08,137,177
2023-10-01 00:11:09,131,175
2023-10-01 00:11:10,134,177
2023-10-01 00:11:11,129,175
2023-10-01 00:11:12,140,173
2023-10-01 00:11:13,128,174
2023-10-01 00:11:14,131,173
2023-10-01 00:11:15,141,172
2023-10-01 00:11:16,141,172
2023-10-01 00:11:17,142,174
2023-10-01 00:11:18,142,177
2023-10-01 00:11:19,129,176
2023-10-01 00:11:20,140,175
2023-10-01 00:11:21,134,175
2023-10-01 00:11:22,132,175
2023-10-01 00:11:23,140,174
2023-10-01 00:11:24,131,176
2023-10-01 00:11:25,134,174
2023-10-01 00:11:26,133,173
2023-10-01 00:11:27,133,175
2023-10-01 00:11:28,142,173
2023-10-01 00:11:29,142,174
2023-10-01 00:11:30,128,174
2023-10-01 00:11:31,133,177
2023-10-01 00:11:32,136,174
2023-10-01 00:11:33,130,174
2023-10-01 00:11:34,130,173
2023-10-01 00:11:35,129,174
2023-10-01 00:11:36,142,172
2023-10-01 00:11:37,134,176
2023-10-01 00:11:38,136,173
2023-10-01 00:11:39,140,174
2023-10-01 00:11:40,132,176
2023-10-01 00:11:41,136,172
2023-10-01 00:11:42,132,174
2023-10-01 00:11:43,138,175
2023-10-01 00:11:44,135,177
2023-10-01 00:11:45,141,176
2023-10-01 00:11:46,129,173
2023-10-01 00:11:47,135,177
2023-10-01 00:11:48,137,177
2023-10-01 00:11:49,134,175
2023-10-01 00:11:50,130,176
2023-10-01 00:11:51,128,175
2023-10-01 00:11:52,132,176
2023-10-01 00:11:53,139,174
2023-10-01 00:11:54,130,175
2023-10-01 00:11:55,139,175
2023-10-01 00:11:56,141,177
2023-10-01 00:11:57,137,173
2023-10-01 00:11:58,128,174
2023-10-01 00:11:59,134,177
2023-10-01 00:12:00,137,172
2023-10-01 00:12:01,137,177
2023-10-01 00:12:02,131,177
2023-10-01 00:12:03,132,174
2023-10-01 00:12:04,131,177
2023-10-01 00:12:05,135,174
2023-10-01 00:12:06,139,175
2023-10-01 00:12:07,130,172
2023-10-01 00:12:08,141,177
2023-10-01 00:12:09,128,175
2023-10-01 00:12:10,129,172
2023-10-01 00:12:11,129,176
2023-10-01 00:12:12,136,175
2023-10-01 00:12:13,136,176
2023-10-01 00:12:14,132,175
2023-10-01 00:12:15,134,172
2023-10-01 00:12:16,139,175
2023-10-01 00:12:17,141,174
2023-10-01 00:12:18,138,177
2023-10-01 00:12:19,137,176
2023-10-01 00:12:20,131,175
2023-10-01 00:12:21,131,173
2023-10-01 00:12:22,132,172
2023-10-01 00:12:23,137,174
2023-10-01 00:12:24,135,176
2023-10-01 00:12:25,141,174
2023-10-01 00:12:26,128,175
2023-10-01 00:12:27,128,173
2023-10-01 00:12:28,129,175
2023-10-01 00:12:29,136,175
2023-10-01 00:12:30,134,176
2023-10-01 00:12:31,129,175
2023-10-01 00:12:32,134,177
2023-10-01 00:12:33,130,175
2023-10-01 00:12:34,138,176
2023-10-01 00:12:35,138,177
2023-10-01 00:12:36,134,176
2023-10-01 00:12:37,136,173
2023-10-01 00:12:38,138,176
2023-10-01 00:12:39,137,174
2023-10-01 00:12:40,142,172
2023-10-01 00:12:41,134,176
2023-10-01 00:12:42,129,172
2023-10-01 00:12:43,138,175
2023-10-01 00:12:44,132,177
2023-10-01 00:12:45,139,172
2023-10-01 00:12:46,141,177
2023-10-01 00:12:47,138,177
2023-10-01 00:12:48,141,177
2023-10-01 00:12:49,136,176
2023-10-01 00:12:50,136,177
2023-10-01 00:12:51,138,176
2023-10-01 00:12:52,129,177
2023-10-01 00:12:53,141,173
2023-10-01 00:12:54,129,176
2023-10-01 00:12:55,131,174
2023-10-01 00:12:56,135,176
2023-10-01 00:12:57,142,177
2023-10-01 00:12:58,141,173
2023-10-01 00:12:59,137,174
2023-10-01 00:13:00,128,175
2023-10-01 00:13:01,142,176
2023-10-01 00:13:02,135,176
2023-10-01 00:13:03,129,176
2023-10-01 00:13:04,138,175
2023-10-01 00:13:05,140,173
2023-10-01 00:13:06,128,177
2023-10-01 00:13:07,138,177
2023-10-01 00:13:08,130,174
2023-10-01 00:13:09,136,174
2023-10-01 00:13:10,142,176
2023-10-01 00:13:11,141,172
2023-10-01 00:13:12,141,175
2023-10-01 00:13:13,131,176
2023-10-01 00:13:14,142,172
2023-10-01 00:13:15,129,176
2023-10-01 00:13:16,128,175
2023-10-01 00:13:17,137,176
2023-10-01 00:13:18,136,176
2023-10-01 00:13:19,137,175
2023-10-01 00:13:20,136,177
2023-10-01 00:13:21,142,175
2023-10-01 00:13:22,138,173
2023-10-01 00:13:23,137,174
2023-10-01 00:13:24,132,175
2023-10-01 00:13:25,129,175
2023-10-01 00:13:26,135,175
2023-10-01 00:13:27,129,176
2023-10-01 00:13:28,141,176
2023-10-01 00:13:29,142,173
2023-10-01 00:13:30,133,177
2023-10-01 00:13:31,137,174
2023-10-01 00:13:32,128,177
2023-10-01 00:13:33,130,174
2023-10-01 00:13:34,141,177
2023-10-01 00:13:35,134,177
2023-10-01 00:13:36,138,177
2023-10-01 00:13:37,129,176
2023-10-01 00:13:38,139,174
2023-10-01 00:13:39,138,177
2023-10-01 00:13:40,135,173
2023-10-01 00:13:41,137,172
2023-10-01 00:13:42,131,175
2023-10-01 00:13:43,137,172
2023-10-01 00:13:44,130,174
2023-10-01 00:13:45,141,172
2023-10-01 00:13:46,140,177
2023-10-01 00:13:47,135,175
2023-10-01 00:13:48,140,177
2023-10-01 00:13:49,135,176
2023-10-01 00:13:50,138,176
2023-10-01 00:13:51,134,175
2023-10-01 00:13:52,139,174
2023-10-01 00:13:53,137,174
2023-10-01 00:13:54,128,175
2023-10-01 00:13:55,129,173
2023-10-01 00:13:56,135,175
2023-10-01 00:13:57,137,177
2023-10-01 00:13:58,138,174
2023-10-01 00:13:59,139,173
2023-10-01 00:14:00,138,172
2023-10-01 00:14:01,128,174
2023-10-01 00:14:02,136,174
2023-10-01 00:14:03,141,173
2023-10-01 00:14:04,134,174
2023-10-01 00:14:05,128,176
2023-10-01 00:14:06,131,174
2023-10-01 00:14:07,136,177
2023-10-01 00:14:08,142,176
2023-10-01 00:14:09,141,177
2023-10-01 00:14:10,131,177
2023-10-01 00:14:11,136,176
2023-10-01 00:14:12,140,173
2023-10-01 00:14:13,141,172
2023-10-01 00:14:14,129,173
2023-10-01 00:14:15,141,177
2023-10-01 00:14:16,142,173
2023-10-01 00:14:17,131,175
2023-10-01 00:14:18,137,176
2023-10-01 00:14:19,129,172
2023-10-01 00:14:20,135,177
2023-10-01 00:14:21,130,176
2023-10-01 00:14:22,135,175
2023-10-01 00:14:23,129,175
2023-10-01 00:14:24,136,176
2023-10-01 00:14:25,136,173
2023-10-01 00:14:26,138,173
2023-10-01 00:14:27,137,175
2023-10-01 00:14:28,131,173
2023-10-01 00:14:29,137,173
2023-10-01 00:14:30,137,173
2023-10-01 00:14:31,139,175
2023-10-01 00:14:32,135,172
2023-10-01 00:14:33,142,175
2023-10-01 00:14:34,139,177
2023-10-01 00:14:35,140,173
2023-10-01 00:14:36,128,174
2023-10-01 00:14:37,132,173
2023-10-01 00:14:38,135,172
2023-10-01 00:14:39,132,172
2023-10-01 00:14:40,142,176
2023-10-01 00:14:41,140,174
2023-10-01 00:14:42,136,176
2023-10-01 00:14:43,140,176
2023-10-01 00:14:44,132,176
2023-10-01 00:14:45,129,172
2023-10-01 00:14:46,134,173
2023-10-01 00:14:47,141,177
2023-10-01 00:14:48,138,173
2023-10-01 00:14:49,142,176
2023-10-01 00:14:50,132,176
2023-10-01 00:14:51,129,174
2023-10-01 00:14:52,128,173
2023-10-01 00:14:53,132,173
2023-10-01 00:14:54,135,177
2023-10-01 00:14:55,132,175
2023-10-01 00:14:56,138,173
2023-10-01 00:14:57,134,172
2023-10-01 00:14:58,133,174
2023-10-01 00:14:59,132,173
2023-10-01 00:15:00,138,172
2023-10-01 00:15:01,134,172
2023-10-01 00:15:02,141,175
2023-10-01 00:15:03,139,175
2023-10-01 00:15:04,141,177
2023-10-01 00:15:05,133,176
2023-10-01 00:15:06,142,177
2023-10-01 00:15:07,140,175
2023-10-01 00:15:08,133,177
2023-10-01 00:15:09,128,172
2023-10-01 00:15:10,134,175
2023-10-01 00:15:11,133,175
2023-10-01 00:15:12,129,176
2023-10-01 00:15:13,132,172
2023-10-01 00:15:14,130,175
2023-10-01 00:15:15,130,174
2023-10-01 00:15:16,136,175
2023-10-01 00:15:17,131,177
2023-10-01 00:15:18,139,177
2023-10-01 00:15:19,142,176
2023-10-01 00:15:20,138,173
2023-10-01 00:15:21,129,173
2023-10-01 00:15:22,131,175
2023-10-01 00:15:23,140,175
2023-10-01 00:15:24,133,177
2023-10-01 00:15:25,131,177
2023-10-01 00:15:26,133,173
2023-10-01 00:15:27,134,177
2023-10-01 00:15:28,137,177
2023-10-01 00:15:29,132,177
2023-10-01 00:15:30,129,173
2023-10-01 00:15:31,142,172
2023-10-01 00:15:32,142,177
2023-10-01 00:15:33,137,173
2023-10-01 00:15:34,129,175
2023-10-01 00:15:35,129,172
2023-10-01 00:15:36,134,176
2023-10-01 00:15:37,138,177
2023-10-01 00:15:38,130,173
2023-10-01 00:15:39,133,173
2023-10-01 00:15:40,140,175
2023-10-01 00:15:41,141,174
2023-10-01 00:15:42,135,175
2023-10-01 00:15:43,128,177
2023-10-01 00:15:44,141,172
2023-10-01 00:15:45,141,176
2023-10-01 00:15:46,128,172
2023-10-01 00:15:47,133,173
2023-10-01 00:15:48,142,177
2023-10-01 00:15:49,135,173
2023-10-01 00:15:50,138,172
2023-10-01 00:15:51,130,177
2023-10-01 00:15:52,130,177
2023-10-01 00:15:53,140,174
2023-10-01 00:15:54,137,176
2023-10-01 00:15:55,129,177
2023-10-01 00:15:56,135,172
2023-10-01 00:15:57,136,173
2023-10-01 00:15:58,140,177
2023-10-01 00:15:59,132,177
2023-10-01 00:16:00,130,177
2023-10-01 00:16:01,141,175
2023-10-01 00:16:02,132,174
2023-10-01 00:16:03,135,177
2023-10-01 00:16:04,135,177
2023-10-01 00:16:05,128,172
2023-10-01 00:16:06,142,176
2023-10-01 00:16:07,139,172
2023-10-01 00:16:08,134,174
2023-10-01 00:16:09,130,172
2023-10-01 00:16:10,138,173
2023-10-01 00:16:11,128,173
2023-10-01 00:16:12,129,175
2023-10-01 00:16:13,133,176
2023-10-01 00:16:14,135,172
2023-10-01 00:16:15,140,175
2023-10-01 00:16:16,133,175
2023-10-01 00:16:17,136,172
2023-10-01 00:16:18,136,175
2023-10-01 00:16:19,134,177
2023-10-01 00:16:20,141,177
2023-10-01 00:16:21,133,176
2023-10-01 00:16:22,130,173
2023-10-01 00:16:23,138,177
2023-10-01 00:16:24,140,177
2023-10-01 00:16:25,128,174
2023-10-01 00:16:26,129,174
2023-10-01 00:16:27,142,176
2023-10-01 00:16:28,131,174
2023-10-01 00:16:29,128,175
2023-10-01 00:16:30,138,173
2023-10-01 00:16:31,138,173
2023-10-01 00:16:32,134,177
2023-10-01 00:16:33,136,172
2023-10-01 00:16:34,132,176
2023-10-01 00:16:35,128,174
2023-10-01 00:16:36,130,173
2023-10-01 00:16:37,140,174
2023-10-01 00:16:38,141,175
2023-10-01 00:16:39,128,173
2023-10-01 00:16:40,142,173
2023-10-01 00:16:41,142,175
2023-10-01 00:16:42,134,174
2023-10-01 00:16:43,140,172
2023-10-01 00:16:44,134,175
2023-10-01 00:16:45,137,172
2023-10-01 00:16:46,136,176
2023-10-01 00:16:47,141,177
2023-10-01 00:16:48,132,176
2023-10-01 00:16:49,138,176
2023-10-01 00:16:50,133,174
2023-10-01 00:16:51,133,174
2023-10-01 00:16:52,140,172
2023-10-01 00:16:53,136,173
2023-10-01 00:16:54,132,173
2023-10-01 00:16:55,133,175
2023-10-01 00:16:56,137,174
2023-10-01 00:16:57,142,175
2023-10-01 00:16:58,129,175
2023-10-01 00:16:59,130,176
2023-10-01 00:17:00,129,173
2023-10-01 00:17:01,138,177
2023-10-01 00:17:02,135,176
2023-10-01 00:17:03,131,175
2023-10-01 00:17:04,137,175
2023-10-01 00:17:05,131,175
2023-10-01 00:17:06,136,174
2023-10-01 00:17:07,131,175
2023-10-01 00:17:08,135,177
2023-10-01 00:17:09,137,172
2023-10-01 00:17:10,135,172
2023-10-01 00:17:11,129,174
2023-10-01 00:17:12,140,175
2023-10-01 00:17:13,128,176
2023-10-01 00:17:14,130,172
2023-10-01 00:17:15,132,172
2023-10-01 00:17:16,139,177
2023-10-01 00:17:17,135,176
2023-10-01 00:17:18,133,174
2023-10-01 00:17:19,136,177
2023-10-01 00:17:20,131,176
2023-10-01 00:17:21,131,174
2023-10-01 00:17:22,134,176
2023-10-01 00:17:23,131,174
2023-10-01 00:17:24,142,177
2023-10-01 00:17:25,128,172
2023-10-01 00:17:26,129,174
2023-10-01 00:17:27,128,174
2023-10-01 00:17:28,134,174
2023-10-01 00:17:29,132,177
2023-10-01 00:17:30,128,177
2023-10-01 00:17:31,132,176
2023-10-01 00:17:32,142,173
2023-10-01 00:17:33,129,176
2023-10-01 00:17:34,140,176
2023-10-01 00:17:35,142,176
2023-10-01 00:17:36,135,177
2023-10-01 00:17:37,130,177
2023-10-01 00:17:38,136,177
2023-10-01 00:17:39,128,172
2023-10-01 00:17:40,136,173
2023-10-01 00:17:41,132,173
2023-10-01 00:17:42,134,176
2023-10-01 00:17:43,134,176
2023-10-01 00:17:44,139,174
2023-10-01 00:17:45,142,175
2023-10-01 00:17:46,130,174
2023-10-01 00:17:47,138,174
2023-10-01 00:17:48,135,173
2023-10-01 00:17:49,137,173
2023-10-01 00:17:50,137,175
2023-10-01 00:17:51,132,176
2023-10-01 00:17:52,133,175
2023-10-01 00:17:53,128,174
2023-10-01 00:17:54,131,172
2023-10-01 00:17:55,138,172
2023-10-01 00:17:56,135,172
2023-10-01 00:17:57,134,174
2023-10-01 00:17:58,141,177
2023-10-01 00:17:59,137,173
2023-10-01 00:18:00,141,176
2023-10-01 00:18:01,135,175
2023-10-01 00:18:02,139,172
2023-10-01 00:18:03,128,172
2023-10-01 00:18:04,139,174
2023-10-01 00:18:05,141,172
2023-10-01 00:18:06,139,173
2023-10-01 00:18:07,142,177
2023-10-01 00:18:08,138,172
2023-10-01 00:18:09,140,176
2023-10-01 00:18:10,130,172
2023-10-01 00:18:11,132,175
2023-10-01 00:18:12,128,172
2023-10-01 00:18:13,128,175
2023-10-01 00:18:14,136,174
2023-10-01 00:18:15,135,176
2023-10-01 00:18:16,133,173
2023-10-01 00:18:17,134,173
2023-10-01 00:18:18,132,174
2023-10-01 00:18:19,128,173
2023-10-01 00:18:20,128,172
2023-10-01 00:18:21,133,174
2023-10-01 00:18:22,130,173
2023-10-01 00:18:23,141,175
2023-10-01 00:18:24,140,173
2023-10-01 00:18:25,141,177
2023-10-01 00:18:26,136,172
2023-10-01 00:18:27,131,174
2023-10-01 00:18:28,128,176
2023-10-01 00:18:29,131,175
2023-10-01 00:18:30,132,177
2023-10-01 00:18:31,139,172
2023-10-01 00:18:32,139,177
2023-10-01 00:18:33,139,176
2023-10-01 00:18:34,130,176
2023-10-01 00:18:35,137,176
2023-10-01 00:18:36,142,175
2023-10-01 00:18:37,136,174
2023-10-01 00:18:38,130,176
2023-10-01 00:18:39,134,175
2023-10-01 00:18:40,133,173
2023-10-01 00:18:41,129,174
2023-10-01 00:18:42,140,172
2023-10-01 00:18:43,135,175
2023-10-01 00:18:44,138,173
2023-10-01 00:18:45,131,177
2023-10-01 00:18:46,137,175
2023-10-01 00:18:47,138,175
2023-10-01 00:18:48,135,176
2023-10-01 00:18:49,128,173
2023-10-01 00:18:50,139,174
2023-10-01 00:18:51,130,174
2023-10-01 00:18:52,128,172
2023-10-01 00:18:53,141,177
2023-10-01 00:18:54,130,173
2023-10-01 00:18:55,139,175
2023-10-01 00:18:56,128,174
2023-10-01 00:18:57,136,175
2023-10-01 00:18:58,132,175
2023-10-01 00:18:59,131,174
2023-10-01 00:19:00,140,176
2023-10-01 00:19:01,136,175
2023-10-01 00:19:02,135,174
2023-10-01 00:19:03,132,173
2023-10-01 00:19:04,136,176
2023-10-01 00:19:05,128,175
2023-10-01 00:19:06,130,176
2023-10-01 00:19:07,136,174
2023-10-01 00:19:08,137,173
2023-10-01 00:19:09,142,176
2023-10-01 00:19:10,134,174
2023-10-01 00:19:11,128,177
2023-10-01 00:19:12,133,177
2023-10-01 00:19:13,129,175
2023-10-01 00:19:14,128,173
2023-10-01 00:19:15,141,177
2023-10-01 00:19:16,142,175
2023-10-01 00:19:17,133,174
2023-10-01 00:19:18,140,174
2023-10-01 00:19:19,139,173
2023-10-01 00:19:20,135,174
2023-10-01 00:19:21,136,173
2023-10-01 00:19:22,142,173
2023-10-01 00:19:23,135,172
2023-10-01 00:19:24,138,177
2023-10-01 00:19:25,139,175
2023-10-01 00:19:26,131,172
2023-10-01 00:19:27,136,172
2023-10-01 00:19:28,133,173
2023-10-01 00:19:29,128,174
2023-10-01 00:19:30,141,172
2023-10-01 00:19:31,141,173
2023-10-01 00:19:32,128,173
2023-10-01 00:19:33,133,173
2023-10-01 00:19:34,133,172
2023-10-01 00:19:35,128,172
2023-10-01 00:19:36,138,175
2023-10-01 00:19:37,130,173
2023-10-01 00:19:38,139,175
2023-10-01 00:19:39,128,175
2023-10-01 00:19:40,130,173
2023-10-01 00:19:41,142,172
2023-10-01 00:19:42,135,173
2023-10-01 00:19:43,141,177
2023-10-01 00:19:44,139,173
2023-10-01 00:19:45,135,176
2023-10-01 00:19:46,139,172
2023-10-01 00:19:47,133,174
2023-10-01 00:19:48,141,174
2023-10-01 00:19:49,139,176
2023-10-01 00:19:50,137,172
2023-10-01 00:19:51,134,174
2023-10-01 00:19:52,135,172
2023-10-01 00:19:53,134,175
2023-10-01 00:19:54,140,176
2023-10-01 00:19:55,129,173
2023-10-01 00:19:56,137,172
2023-10-01 00:19:57,129,175
2023-10-01 00:19:58,141,172
2023-10-01 00:19:59,137,175
2023-10-01 00:20:00,133,177
2023-10-01 00:20:01,130,176
2023-10-01 00:20:02,141,173
2023-10-01 00:20:03,131,176
2023-10-01 00:20:04,140,173
2023-10-01 00:20:05,132,172
2023-10-01 00:20:06,133,173
2023-10-01 00:20:07,135,174
2023-10-01 00:20:08,136,175
2023-10-01 00:20:09,136,174
2023-10-01 00:20:10,134,175
2023-10-01 00:20:11,138,175
2023-10-01 00:20:12,131,172
2023-10-01 00:20:13,130,173
2023-10-01 00:20:14,142,172
2023-10-01 00:20:15,135,175
2023-10-01 00:20:16,134,177
2023-10-01 00:20:17,130,176
2023-10-01 00:20:18,129,172
2023-10-01 00:20:19,137,177
2023-10-01 00:20:20,133,174
2023-10-01 00:20:21,137,175
2023-10-01 00:20:22,136,177
2023-10-01 00:20:23,142,177
2023-10-01 00:20:24,130,174
2023-10-01 00:20:25,140,173
2023-10-01 00:20:26,137,176
2023-10-01 00:20:27,137,177
2023-10-01 00:20:28,135,176
2023-10-01 00:20:29,140,175
2023-10-01 00:20:30,129,173
2023-10-01 00:20:31,133,173
2023-10-01 00:20:32,135,174
2023-10-01 00:20:33,128,177
2023-10-01 00:20:34,131,174
2023-10-01 00:20:35,130,175
2023-10-01 00:20:36,133,173
2023-10-01 00:20:37,128,177
2023-10-01 00:20:38,135,174
2023-10-01 00:20:39,141,173
2023-10-01 00:20:40,136,172
2023-10-01 00:20:41,135,175
2023-10-01 00:20:42,132,174
2023-10-01 00:20:43,137,177
2023-10-01 00:20:44,142,177
2023-10-01 00:20:45,138,174
2023-10-01 00:20:46,142,177
2023-10-01 00:20:47,132,172
2023-10-01 00:20:48,133,172
2023-10-01 00:20:49,131,175
2023-10-01 00:20:50,129,172
2023-10-01 00:20:51,130,173
2023-10-01 00:20:52,133,177
2023-10-01 00:20:53,142,175
2023-10-01 00:20:54,129,175
2023-10-01 00:20:55,136,177
2023-10-01 00:20:56,135,177
2023-10-01 00:20:57,135,177
2023-10-01 00:20:58,131,176
2023-10-01 00:20:59,142,174
2023-10-01 00:21:00,137,172
2023-10-01 00:21:01,128,177
2023-10-01 00:21:02,131,176
2023-10-01 00:21:03,128,177
2023-10-01 00:21:04,138,175
2023-10-01 00:21:05,131,173
2023-10-01 00:21:06,133,174
2023-10-01 00:21:07,140,176
2023-10-01 00:21:08,131,174
2023-10-01 00:21:09,128,174
2023-10-01 00:21:10,138,175
2023-10-01 00:21:11,133,177
2023-10-01 00:21:12,140,173
2023-10-01 00:21:13,142,172
2023-10-01 00:21:14,133,173
2023-10-01 00:21:15,129,172
2023-10-01 00:21:16,132,175
2023-10-01 00:21:17,134,175
2023-10-01 00:21:18,128,175
2023-10-01 00:21:19,140,174
2023-10-01 00:21:20,131,175
2023-10-01 00:21:21,140,173
2023-10-01 00:21:22,128,175
2023-10-01 00:21:23,137,172
2023-10-01 00:21:24,139,177
2023-10-01 00:21:25,140,175
2023-10-01 00:21:26,132,177
2023-10-01 00:21:27,137,173
2023-10-01 00:21:28,140,172
2023-10-01 00:21:29,137,173
2023-10-01 00:21:30,132,174
2023-10-01 00:21:31,134,172
2023-10-01 00:21:32,128,176
2023-10-01 00:21:33,136,176
2023-10-01 00:21:34,133,177
2023-10-01 00:21:35,128,173
2023-10-01 00:21:36,142,174
2023-10-01 00:21:37,139,172
2023-10-01 00:21:38,138,176
2023-10-01 00:21:39,141,173
2023-10-01 00:21:40,132,172
2023-10-01 00:21:41,132,176
2023-10-01 00:21:42,135,176
2023-10-01 00:21:43,136,174
2023-10-01 00:21:44,134,177
2023-10-01 00:21:45,128,173
2023-10-01 00:21:46,133,172
2023-10-01 00:21:47,140,176
2023-10-01 00:21:48,136,174
2023-10-01 00:21:49,136,175
2023-10-01 00:21:50,133,176
2023-10-01 00:21:51,135,176
2023-10-01 00:21:52,131,173
2023-10-01 00:21:53,131,173
2023-10-01 00:21:54,140,173
2023-10-01 00:21:55,130,173
2023-10-01 00:21:56,136,172
2023-10-01 00:21:57,132,176
2023-10-01 00:21:58,138,177
2023-10-01 00:21:59,139,176
2023-10-01 00:22:00,142,175
2023-10-01 00:22:01,131,173
2023-10-01 00:22:02,142,175
2023-10-01 00:22:03,137,173
2023-10-01 00:22:04,140,173
2023-10-01 00:22:05,129,176
2023-10-01 00:22:06,128,173
2023-10-01 00:22:07,135,175
2023-10-01 00:22:08,141,176
2023-10-01 00:22:09,136,174
2023-10-01 00:22:10,133,175
2023-10-01 00:22:11,138,172
2023-10-01 00:22:12,138,172
2023-10-01 00:22:13,132,175
2023-10-01 00:22:14,141,177
2023-10-01 00:22:15,136,176
2023-10-01 00:22:16,128,175
2023-10-01 00:22:17,139,175
2023-10-01 00:22:18,139,177
2023-10-01 00:22:19,140,172
2023-10-01 00:22:20,137,174
2023-10-01 00:22:21,129,177
2023-10-01 00:22:22,128,173
2023-10-01 00:22:23,138,173
2023-10-01 00:22:24,130,174
2023-10-01 00:22:25,135,173
2023-10-01 00:22:26,134,172
2023-10-01 00:22:27,142,172
2023-10-01 00:22:28,137,177
2023-10-01 00:22:29,140,172
2023-10-01 00:22:30,129,177
2023-10-01 00:22:31,139,173
2023-10-01 00:22:32,136,175
2023-10-01 00:22:33,139,174
2023-10-01 00:22:34,138,173
2023-10-01 00:22:35,140,174
2023-10-01 00:22:36,140,177
2023-10-01 00:22:37,138,173
2023-10-01 00:22:38,128,174
2023-10-01 00:22:39,131,173
2023-10-01 00:22:40,140,172
2023-10-01 00:22:41,128,173
2023-10-01 00:22:42,134,176
2023-10-01 00:22:43,137,177
2023-10-01 00:22:44,133,176
2023-10-01 00:22:45,140,175
2023-10-01 00:22:46,135,176
2023-10-01 00:22:47,136,173
2023-10-01 00:22:48,131,177
2023-10-01 00:22:49,128,176
2023-10-01 00:22:50,138,172
2023-10-01 00:22:51,140,174
2023-10-01 00:22:52,129,175
2023-10-01 00:22:53,135,175
2023-10-01 00:22:54,140,175
2023-10-01 00:22:55,137,173
2023-10-01 00:22:56,130,177
2023-10-01 00:22:57,142,177
2023-10-01 00:22:58,137,174
2023-10-01 00:22:59,129,175
2023-10-01 00:23:00,129,174
2023-10-01 00:23:01,138,176
2023-10-01 00:23:02,132,174
2023-10-01 00:23:03,130,177
2023-10-01 00:23:04,128,176
2023-10-01 00:23:05,135,176
2023-10-01 00:23:06,137,172
2023-10-01 00:23:07,141,174
2023-10-01 00:23:08,132,173
2023-10-01 00:23:09,129,175
2023-10-01 00:23:10,132,175
2023-10-01 00:23:11,140,175
2023-10-01 00:23:12,131,177
2023-10-01 00:23:13,138,177
2023-10-01 00:23:14,134,177
2023-10-01 00:23:15,141,172
2023-10-01 00:23:16,130,175
2023-10-01 00:23:17,140,177
2023-10-01 00:23:18,138,174
2023-10-01 00:23:19,137,174
2023-10-01 00:23:20,131,176
2023-10-01 00:23:21,128,174
2023-10-01 00:23:22,130,174
2023-10-01 00:23:23,139,177
2023-10-01 00:23:24,128,175
2023-10-01 00:23:25,138,174
2023-10-01 00:23:26,132,175
2023-10-01 00:23:27,134,177
2023-10-01 00:23:28,128,174
2023-10-01 00:23:29,131,176
2023-10-01 00:23:30,142,175
2023-10-01 00:23:31,136,172
2023-10-01 00:23:32,131,173
2023-10-01 00:23:33,140,175
2023-10-01 00:23:34,141,174
2023-10-01 00:23:35,140,175
2023-10-01 00:23:36,137,173
2023-10-01 00:23:37,138,177
2023-10-01 00:23:38,135,176
2023-10-01 00:23:39,128,175
2023-10-01 00:23:40,137,173
2023-10-01 00:23:41,131,174
2023-10-01 00:23:42,142,172
2023-10-01 00:23:43,136,174
2023-10-01 00:23:44,136,176
2023-10-01 00:23:45,133,175
2023-10-01 00:23:46,135,174
2023-10-01 00:23:47,141,176
2023-10-01 00:23:48,136,175
2023-10-01 00:23:49,139,173
2023-10-01 00:23:50,134,175
2023-10-01 00:23:51,129,172
2023-10-01 00:23:52,131,176
2023-10-01 00:23:53,129,173
2023-10-01 00:23:54,132,172
2023-10-01 00:23:55,130,176
2023-10-01 00:23:56,132,174
2023-10-01 00:23:57,139,175
2023-10-01 00:23:58,138,174
2023-10-01 00:23:59,135,176
2023-10-01 00:24:00,142,176
2023-10-01 00:24:01,131,174
2023-10-01 00:24:02,134,175
2023-10-01 00:24:03,141,176
2023-10-01 00:24:04,140,174
2023-10-01 00:24:05,140,173
2023-10-01 00:24:06,138,172
2023-10-01 00:24:07,137,175
2023-10-01 00:24:08,138,173
2023-10-01 00:24:09,132,175
2023-10-01 00:24:10,130,175
2023-10-01 00:24:11,138,175
2023-10-01 00:24:12,136,172
2023-10-01 00:24:13,133,177
2023-10-01 00:24:14,135,172
2023-10-01 00:24:15,138,177
2023-10-01 00:24:16,142,173
2023-10-01 00:24:17,128,175
2023-10-01 00:24:18,135,172
2023-10-01 00:24:19,131,173
2023-10-01 00:24:20,131,176
2023-10-01 00:24:21,129,176
2023-10-01 00:24:22,139,176
2023-10-01 00:24:23,139,176
2023-10-01 00:24:24,136,174
2023-10-01 00:24:25,141,177
2023-10-01 00:24:26,135,176
2023-10-01 00:24:27,141,172
2023-10-01 00:24:28,142,175
2023-10-01 00:24:29,131,174
2023-10-01 00:24:30,136,177
2023-10-01 00:24:31,140,177
2023-10-01 00:24:32,130,176
2023-10-01 00:24:33,131,177
2023-10-01 00:24:34,140,176
2023-10-01 00:24:35,133,176
2023-10-01 00:24:36,136,175
2023-10-01 00:24:37,137,172
2023-10-01 00:24:38,135,175
2023-10-01 00:24:39,128,174
2023-10-01 00:24:40,136,175
2023-10-01 00:24:41,136,173
2023-10-01 00:24:42,139,173
2023-10-01 00:24:43,130,172
2023-10-01 00:24:44,130,177
2023-10-01 00:24:45,137,177
2023-10-01 00:24:46,138,174
2023-10-01 00:24:47,135,177
2023-10-01 00:24:48,133,174
2023-10-01 00:24:49,139,172
2023-10-01 00:24:50,134,174
2023-10-01 00:24:51,128,175
2023-10-01 00:24:52,134,174
2023-10-01 00:24:53,142,175
2023-10-01 00:24:54,138,175
2023-10-01 00:24:55,132,176
2023-10-01 00:24:56,136,173
2023-10-01 00:24:57,142,174
2023-10-01 00:24:58,131,172
2023-10-01 00:24:59,137,173
2023-10-01 00:25:00,162,174
2023-10-01 00:25:01,160,177
2023-10-01 00:25:02,146,175
2023-10-01 00:25:03,152,174
2023-10-01 00:25:04,156,173
2023-10-01 00:25:05,154,176
2023-10-01 00:25:06,146,176
2023-10-01 00:25:07,153,177
2023-10-01 00:25:08,149,175
2023-10-01 00:25:09,151,176
2023-10-01 00:25:10,156,172
2023-10-01 00:25:11,158,175
2023-10-01 00:25:12,153,175
2023-10-01 00:25:13,145,175
2023-10-01 00:25:14,151,177
2023-10-01 00:25:15,156,174
2023-10-01 00:25:16,158,174
2023-10-01 00:25:17,164,174
2023-10-01 00:25:18,160,177
2023-10-01 00:25:19,153,172
2023-10-01 00:25:20,156,176
2023-10-01 00:25:21,162,176
2023-10-01 00:25:22,147,172
2023-10-01 00:25:23,149,177
2023-10-01 00:25:24,149,172
2023-10-01 00:25:25,152,177
2023-10-01 00:25:26,147,173
2023-10-01 00:25:27,159,174
2023-10-01 00:25:28,149,174
2023-10-01 00:25:29,153,176
2023-10-01 00:25:30,158,177
2023-10-01 00:25:31,157,173
2023-10-01 00:25:32,145,177
2023-10-01 00:25:33,151,175
2023-10-01 00:25:34,155,174
2023-10-01 00:25:35,149,175
2023-10-01 00:25:36,154,176
2023-10-01 00:25:37,148,174
2023-10-01 00:25:38,151,175
2023-10-01 00:25:39,152,173
2023-10-01 00:25:40,149,174
2023-10-01 00:25:41,150,173
2023-10-01 00:25:42,161,174
2023-10-01 00:25:43,163,177
2023-10-01 00:25:44,145,176
2023-10-01 00:25:45,161,173
2023-10-01 00:25:46,148,177
2023-10-01 00:25:47,160,173
2023-10-01 00:25:48,159,175
2023-10-01 00:25:49,155,174
2023-10-01 00:25:50,157,177
2023-10-01 00:25:51,149,173
2023-10-01 00:25:52,146,172
2023-10-01 00:25:53,156,174
2023-10-01 00:25:54,160,175
2023-10-01 00:25:55,147,174
2023-10-01 00:25:56,146,175
2023-10-01 00:25:57,161,172
2023-10-01 00:25:58,159,174
2023-10-01 00:25:59,160,172
2023-10-01 00:26:00,145,174
2023-10-01 00:26:01,162,176
2023-10-01 00:26:02,156,177
2023-10-01 00:26:03,151,174
2023-10-01 00:26:04,160,172
2023-10-01 00:26:05,153,174
2023-10-01 00:26:06,162,174
2023-10-01 00:26:07,153,172
2023-10-01 00:26:08,146,173
2023-10-01 00:26:09,149,176
2023-10-01 00:26:10,146,175
2023-10-01 00:26:11,148,172
2023-10-01 00:26:12,150,172
2023-10-01 00:26:13,162,175
2023-10-01 00:26:14,161,174
2023-10-01 00:26:15,163,176
2023-10-01 00:26:16,152,174
2023-10-01 00:26:17,157,176
2023-10-01 00:26:18,158,173
2023-10-01 00:26:19,146,176
2023-10-01 00:26:20,147,172
2023-10-01 00:26:21,145,175
2023-10-01 00:26:22,156,174
2023-10-01 00:26:23,149,177
2023-10-01 00:26:24,152,173
2023-10-01 00:26:25,160,176
2023-10-01 00:26:26,159,177
2023-10-01 00:26:27,159,174
2023-10-01 00:26:28,150,176
2023-10-01 00:26:29,162,175
2023-10-01 00:26:30,152,174
2023-10-01 00:26:31,164,176
2023-10-01 00:26:32,146,172
2023-10-01 00:26:33,153,173
2023-10-01 00:26:34,158,172
2023-10-01 00:26:35,154,177
2023-10-01 00:26:36,150,176
2023-10-01 00:26:37,152,177
2023-10-01 00:26:38,159,176
2023-10-01 00:26:39,163,174
2023-10-01 00:26:40,162,172
2023-10-01 00:26:41,163,175
2023-10-01 00:26:42,155,173
2023-10-01 00:26:43,150,172
2023-10-01 00:26:44,147,172
2023-10-01 00:26:45,163,173
2023-10-01 00:26:46,151,176
2023-10-01 00:26:47,151,174
2023-10-01 00:26:48,151,174
2023-10-01 00:26:49,153,174
2023-10-01 00:26:50,150,177
2023-10-01 00:26:51,154,176
2023-10-01 00:26:52,152,172
2023-10-01 00:26:53,153,176
2023-10-01 00:26:54,146,174
2023-10-01 00:26:55,148,172
2023-10-01 00:26:56,151,177
2023-10-01 00:26:57,153,173
2023-10-01 00:26:58,153,176
2023-10-01 00:26:59,152,175
2023-10-01 00:27:00,164,174
2023-10-01 00:27:01,157,173
2023-10-01 00:27:02,163,172
2023-10-01 00:27:03,146,172
2023-10-01 00:27:04,161,177
2023-10-01 00:27:05,161,176
2023-10-01 00:27:06,162,173
2023-10-01 00:27:07,147,175
2023-10-01 00:27:08,149,175
2023-10-01 00:27:09,151,176
2023-10-01 00:27:10,147,172
2023-10-01 00:27:11,153,176
2023-10-01 00:27:12,157,176
2023-10-01 00:27:13,162,174
2023-10-01 00:27:14,151,172
2023-10-01 00:27:15,154,174
2023-10-01 00:27:16,163,177
2023-10-01 00:27:17,146,176
2023-10-01 00:27:18,155,172
2023-10-01 00:27:19,154,174
2023-10-01 00:27:20,156,177
2023-10-01 00:27:21,149,172
2023-10-01 00:27:22,164,175
2023-10-01 00:27:23,150,172
2023-10-01 00:27:24,150,172
2023-10-01 00:27:25,160,175
2023-10-01 00:27:26,147,173
2023-10-01 00:27:27,160,176
2023-10-01 00:27:28,145,176
2023-10-01 00:27:29,151,176
2023-10-01 00:27:30,151,175
2023-10-01 00:27:31,162,177
2023-10-01 00:27:32,158,175
2023-10-01 00:27:33,161,175
2023-10-01 00:27:34,152,172
2023-10-01 00:27:35,151,174
2023-10-01 00:27:36,158,174
2023-10-01 00:27:37,152,173
2023-10-01 00:27:38,150,175
2023-10-01 00:27:39,156,177
2023-10-01 00:27:40,164,176
2023-10-01 00:27:41,148,174
2023-10-01 00:27:42,160,177
2023-10-01 00:27:43,155,172
2023-10-01 00:27:44,146,174
2023-10-01 00:27:45,159,177
2023-10-01 00:27:46,146,172
2023-10-01 00:27:47,157,177
2023-10-01 00:27:48,156,177
2023-10-01 00:27:49,148,174
2023-10-01 00:27:50,154,177
2023-10-01 00:27:51,152,177
2023-10-01 00:27:52,145,172
2023-10-01 00:27:53,151,176
2023-10-01 00:27:54,151,175
2023-10-01 00:27:55,156,172
2023-10-01 00:27:56,151,177
2023-10-01 00:27:57,164,172
2023-10-01 00:27:58,161,177
2023-10-01 00:27:59,158,176
2023-10-01 00:28:00,164,176
2023-10-01 00:28:01,157,176
2023-10-01 00:28:02,149,175
2023-10-01 00:28:03,157,174
2023-10-01 00:28:04,145,176
2023-10-01 00:28:05,164,173
2023-10-01 00:28:06,147,174
2023-10-01 00:28:07,145,174
2023-10-01 00:28:08,153,174
2023-10-01 00:28:09,145,177
2023-10-01 00:28:10,159,175
2023-10-01 00:28:11,161,174
2023-10-01 00:28:12,163,172
2023-10-01 00:28:13,157,176
2023-10-01 00:28:14,157,175
2023-10-01 00:28:15,159,174
2023-10-01 00:28:16,147,173
2023-10-01 00:28:17,157,176
2023-10-01 00:28:18,146,176
2023-10-01 00:28:19,151,174
2023-10-01 00:28:20,153,172
2023-10-01 00:28:21,162,175
2023-10-01 00:28:22,161,175
2023-10-01 00:28:23,153,177
2023-10-01 00:28:24,148,177
2023-10-01 00:28:25,148,175
2023-10-01 00:28:26,159,177
2023-10-01 00:28:27,153,174
2023-10-01 00:28:28,149,176
2023-10-01 00:28:29,163,173
2023-10-01 00:28:30,162,175
2023-10-01 00:28:31,156,174
2023-10-01 00:28:32,147,176
2023-10-01 00:28:33,159,175
2023-10-01 00:28:34,157,176
2023-10-01 00:28:35,163,176
2023-10-01 00:28:36,148,177
2023-10-01 00:28:37,154,176
2023-10-01 00:28:38,164,174
2023-10-01 00:28:39,155,175
2023-10-01 00:28:40,157,174
2023-10-01 00:28:41,151,172
2023-10-01 00:28:42,164,173
2023-10-01 00:28:43,154,173
2023-10-01 00:28:44,150,172
2023-10-01 00:28:45,159,174
2023-10-01 00:28:46,151,172
2023-10-01 00:28:47,160,174
2023-10-01 00:28:48,151,175
2023-10-01 00:28:49,158,173
2023-10-01 00:28:50,160,173
2023-10-01 00:28:51,146,173
2023-10-01 00:28:52,160,173
2023-10-01 00:28:53,148,174
2023-10-01 00:28:54,162,173
2023-10-01 00:28:55,149,173
2023-10-01 00:28:56,154,173
2023-10-01 00:28:57,145,177
2023-10-01 00:28:58,152,173
2023-10-01 00:28:59,152,174
2023-10-01 00:29:00,160,173
2023-10-01 00:29:01,146,177
2023-10-01 00:29:02,155,172
2023-10-01 00:29:03,153,176
2023-10-01 00:29:04,150,174
2023-10-01 00:29:05,162,175
2023-10-01 00:29:06,146,175
2023-10-01 00:29:07,163,177
2023-10-01 00:29:08,154,174
2023-10-01 00:29:09,162,175
2023-10-01 00:29:10,156,172
2023-10-01 00:29:11,148,177
2023-10-01 00:29:12,146,177
2023-10-01 00:29:13,164,177
2023-10-01 00:29:14,156,177
2023-10-01 00:29:15,149,173
2023-10-01 00:29:16,162,175
2023-10-01 00:29:17,159,174
2023-10-01 00:29:18,164,173
2023-10-01 00:29:19,153,176
2023-10-01 00:29:20,151,177
2023-10-01 00:29:21,149,173
2023-10-01 00:29:22,145,174
2023-10-01 00:29:23,164,176
2023-10-01 00:29:24,160,172
2023-10-01 00:29:25,164,173
2023-10-01 00:29:26,146,176
2023-10-01 00:29:27,149,175
2023-10-01 00:29:28,155,175
2023-10-01 00:29:29,155,175
2023-10-01 00:29:30,146,176
2023-10-01 00:29:31,157,172
2023-10-01 00:29:32,147,172
2023-10-01 00:29:33,151,176
2023-10-01 00:29:34,145,173
2023-10-01 00:29:35,146,174
2023-10-01 00:29:36,146,175
2023-10-01 00:29:37,162,177
2023-10-01 00:29:38,157,174
2023-10-01 00:29:39,162,172
2023-10-01 00:29:40,161,176
2023-10-01 00:29:41,147,173
2023-10-01 00:29:42,150,177
2023-10-01 00:29:43,154,175
2023-10-01 00:29:44,154,174
2023-10-01 00:29:45,162,175
2023-10-01 00:29:46,145,173
2023-10-01 00:29:47,147,177
2023-10-01 00:29:48,146,173
2023-10-01 00:29:49,161,176
2023-10-01 00:29:50,149,173
2023-10-01 00:29:51,150,172
2023-10-01 00:29:52,163,173
2023-10-01 00:29:53,153,174
2023-10-01 00:29:54,161,176
2023-10-01 00:29:55,155,177
2023-10-01 00:29:56,157,173
2023-10-01 00:29:57,146,177
2023-10-01 00:29:58,157,175
2023-10-01 00:29:59,157,174
2023-10-01 00:30:00,146,173
2023-10-01 00:30:01,156,174
2023-10-01 00:30:02,162,176
2023-10-01 00:30:03,147,174
2023-10-01 00:30:04,153,177
2023-10-01 00:30:05,146,177
2023-10-01 00:30:06,162,175
2023-10-01 00:30:07,148,175
2023-10-01 00:30:08,152,176
2023-10-01 00:30:09,146,174
2023-10-01 00:30:10,157,174
2023-10-01 00:30:11,151,172
2023-10-01 00:30:12,162,172
2023-10-01 00:30:13,154,173
2023-10-01 00:30:14,161,177
2023-10-01 00:30:15,154,175
2023-10-01 00:30:16,150,177
2023-10-01 00:30:17,152,176
2023-10-01 00:30:18,150,175
2023-10-01 00:30:19,154,176
2023-10-01 00:30:20,161,177
2023-10-01 00:30:21,164,176
2023-10-01 00:30:22,145,176
2023-10-01 00:30:23,156,172
2023-10-01 00:30:24,154,172
2023-10-01 00:30:25,148,174
2023-10-01 00:30:26,152,173
2023-10-01 00:30:27,148,176
2023-10-01 00:30:28,162,173
2023-10-01 00:30:29,149,174
2023-10-01 00:30:30,150,177
2023-10-01 00:30:31,161,172
2023-10-01 00:30:32,145,175
2023-10-01 00:30:33,153,176
2023-10-01 00:30:34,155,172
2023-10-01 00:30:35,153,172
2023-10-01 00:30:36,164,175
2023-10-01 00:30:37,151,177
2023-10-01 00:30:38,148,177
2023-10-01 00:30:39,159,176
2023-10-01 00:30:40,148,172
2023-10-01 00:30:41,158,174
2023-10-01 00:30:42,152,173
2023-10-01 00:30:43,158,176
2023-10-01 00:30:44,157,172
2023-10-01 00:30:45,151,173
2023-10-01 00:30:46,161,176
2023-10-01 00:30:47,155,174
2023-10-01 00:30:48,160,176
2023-10-01 00:30:49,150,177
2023-10-01 00:30:50,151,174
2023-10-01 00:30:51,163,175
2023-10-01 00:30:52,154,177
2023-10-01 00:30:53,150,173
2023-10-01 00:30:54,146,175
2023-10-01 00:30:55,148,172
2023-10-01 00:30:56,156,173
2023-10-01 00:30:57,156,172
2023-10-01 00:30:58,159,173
2023-10-01 00:30:59,149,176
2023-10-01 00:31:00,145,177
2023-10-01 00:31:01,150,173
2023-10-01 00:31:02,147,174
2023-10-01 00:31:03,145,176
2023-10-01 00:31:04,155,176
2023-10-01 00:31:05,158,172
2023-10-01 00:31:06,156,177
2023-10-01 00:31:07,148,173
2023-10-01 00:31:08,156,176
2023-10-01 00:31:09,149,174
2023-10-01 00:31:10,157,176
2023-10-01 00:31:11,148,173
2023-10-01 00:31:12,151,176
2023-10-01 00:31:13,157,176
2023-10-01 00:31:14,164,172
2023-10-01 00:31:15,149,176
2023-10-01 00:31:16,148,173
2023-10-01 00:31:17,154,176
2023-10-01 00:31:18,148,176
2023-10-01 00:31:19,147,174
2023-10-01 00:31:20,159,176
2023-10-01 00:31:21,156,175
2023-10-01 00:31:22,149,176
2023-10-01 00:31:23,151,175
2023-10-01 00:31:24,152,176
2023-10-01 00:31:25,157,173
2023-10-01 00:31:26,154,176
2023-10-01 00:31:27,156,173
2023-10-01 00:31:28,160,176
2023-10-01 00:31:29,148,176
2023-10-01 00:31:30,146,172
2023-10-01 00:31:31,153,175
2023-10-01 00:31:32,158,172
2023-10-01 00:31:33,161,172
2023-10-01 00:31:34,150,176
2023-10-01 00:31:35,158,177
2023-10-01 00:31:36,164,177
2023-10-01 00:31:37,156,177
2023-10-01 00:31:38,156,176
2023-10-01 00:31:39,162,172
2023-10-01 00:31:40,154,174
2023-10-01 00:31:41,162,176
2023-10-01 00:31:42,150,177
2023-10-01 00:31:43,145,175
2023-10-01 00:31:44,157,177
2023-10-01 00:31:45,158,174
2023-10-01 00:31:46,145,173
2023-10-01 00:31:47,155,173
2023-10-01 00:31:48,153,176
2023-10-01 00:31:49,145,176
2023-10-01 00:31:50,160,172
2023-10-01 00:31:51,151,172
2023-10-01 00:31:52,160,173
2023-10-01 00:31:53,151,173
2023-10-01 00:31:54,162,175
2023-10-01 00:31:55,157,173
2023-10-01 00:31:56,161,173
2023-10-01 00:31:57,150,176
2023-10-01 00:31:58,145,173
2023-10-01 00:31:59,145,176
2023-10-01 00:32:00,164,177
2023-10-01 00:32:01,158,176
2023-10-01 00:32:02,146,177
2023-10-01 00:32:03,148,176
2023-10-01 00:32:04,160,175
2023-10-01 00:32:05,145,172
2023-10-01 00:32:06,147,174
2023-10-01 00:32:07,151,177
2023-10-01 00:32:08,155,176
2023-10-01 00:32:09,145,172
2023-10-01 00:32:10,152,174
2023-10-01 00:32:11,161,172
2023-10-01 00:32:12,148,174
2023-10-01 00:32:13,156,173
2023-10-01 00:32:14,161,172
2023-10-01 00:32:15,163,177
2023-10-01 00:32:16,157,173
2023-10-01 00:32:17,157,174
2023-10-01 00:32:18,156,173
2023-10-01 00:32:19,161,172
2023-10-01 00:32:20,164,174
2023-10-01 00:32:21,152,176
2023-10-01 00:32:22,164,174
2023-10-01 00:32:23,160,176
2023-10-01 00:32:24,154,176
2023-10-01 00:32:25,156,174
2023-10-01 00:32:26,149,175
2023-10-01 00:32:27,151,174
2023-10-01 00:32:28,153,173
2023-10-01 00:32:29,156,174
2023-10-01 00:32:30,164,176
2023-10-01 00:32:31,157,172
2023-10-01 00:32:32,149,174
2023-10-01 00:32:33,158,174
2023-10-01 00:32:34,163,176
2023-10-01 00:32:35,160,174
2023-10-01 00:32:36,164,174
2023-10-01 00:32:37,150,176
2023-10-01 00:32:38,164,177
2023-10-01 00:32:39,156,175
2023-10-01 00:32:40,150,173
2023-10-01 00:32:41,149,174
2023-10-01 00:32:42,147,173
2023-10-01 00:32:43,150,177
2023-10-01 00:32:44,147,173
2023-10-01 00:32:45,153,173
2023-10-01 00:32:46,149,172
2023-10-01 00:32:47,156,175
2023-10-01 00:32:48,164,173
2023-10-01 00:32:49,149,174
2023-10-01 00:32:50,153,175
2023-10-01 00:32:51,152,176
2023-10-01 00:32:52,157,173
2023-10-01 00:32:53,154,174
2023-10-01 00:32:54,148,174
2023-10-01 00:32:55,157,177
2023-10-01 00:32:56,148,177
2023-10-01 00:32:57,154,177
2023-10-01 00:32:58,157,173
2023-10-01 00:32:59,151,173
2023-10-01 00:33:00,151,175
2023-10-01 00:33:01,160,177
2023-10-01 00:33:02,146,176
2023-10-01 00:33:03,147,175
2023-10-01 00:33:04,145,175
2023-10-01 00:33:05,145,177
2023-10-01 00:33:06,157,172
2023-10-01 00:33:07,154,175
2023-10-01 00:33:08,153,177
2023-10-01 00:33:09,157,174
2023-10-01 00:33:10,153,175
2023-10-01 00:33:11,158,175
2023-10-01 00:33:12,149,173
2023-10-01 00:33:13,149,176
2023-10-01 00:33:14,151,177
2023-10-01 00:33:15,164,177
2023-10-01 00:33:16,153,172
2023-10-01 00:33:17,152,174
2023-10-01 00:33:18,157,177
2023-10-01 00:33:19,155,175
2023-10-01 00:33:20,147,175
2023-10-01 00:33:21,147,177
2023-10-01 00:33:22,156,175
2023-10-01 00:33:23,157,174
2023-10-01 00:33:24,159,174
2023-10-01 00:33:25,155,172
2023-10-01 00:33:26,160,177
2023-10-01 00:33:27,161,176
2023-10-01 00:33:28,159,172
2023-10-01 00:33:29,159,173
2023-10-01 00:33:30,160,175
2023-10-01 00:33:31,149,177
2023-10-01 00:33:32,161,173
2023-10-01 00:33:33,151,175
2023-10-01 00:33:34,149,174
2023-10-01 00:33:35,156,173
2023-10-01 00:33:36,146,176
2023-10-01 00:33:37,151,172
2023-10-01 00:33:38,162,173
2023-10-01 00:33:39,161,174
2023-10-01 00:33:40,152,177
2023-10-01 00:33:41,151,177
2023-10-01 00:33:42,147,174
2023-10-01 00:33:43,155,176
2023-10-01 00:33:44,151,174
2023-10-01 00:33:45,158,175
2023-10-01 00:33:46,160,177
2023-10-01 00:33:47,152,172
2023-10-01 00:33:48,160,173
2023-10-01 00:33:49,164,177
2023-10-01 00:33:50,158,173
2023-10-01 00:33:51,162,172
2023-10-01 00:33:52,150,172
2023-10-01 00:33:53,148,177
2023-10-01 00:33:54,160,172
2023-10-01 00:33:55,147,174
2023-10-01 00:33:56,163,177
2023-10-01 00:33:57,162,174
2023-10-01 00:33:58,164,177
2023-10-01 00:33:59,152,177
2023-10-01 00:34:00,159,176
2023-10-01 00:34:01,157,173
2023-10-01 00:34:02,163,176
2023-10-01 00:34:03,157,173
2023-10-01 00:34:04,150,176
2023-10-01 00:34:05,155,177
2023-10-01 00:34:06,158,175
2023-10-01 00:34:07,162,172
2023-10-01 00:34:08,157,174
2023-10-01 00:34:09,148,173
2023-10-01 00:34:10,147,174
2023-10-01 00:34:11,155,173
2023-10-01 00:34:12,153,176
2023-10-01 00:34:13,159,172
2023-10-01 00:34:14,150,176
2023-10-01 00:34:15,154,175
2023-10-01 00:34:16,151,177
2023-10-01 00:34:17,152,173
2023-10-01 00:34:18,156,172
2023-10-01 00:34:19,157,176
2023-10-01 00:34:20,156,174
2023-10-01 00:34:21,156,174
2023-10-01 00:34:22,154,175
2023-10-01 00:34:23,148,176
2023-10-01 00:34:24,150,174
2023-10-01 00:34:25,158,172
2023-10-01 00:34:26,149,174
2023-10-01 00:34:27,160,174
2023-10-01 00:34:28,164,172
2023-10-01 00:34:29,152,177
2023-10-01 00:34:30,157,172
2023-10-01 00:34:31,150,173
2023-10-01 00:34:32,154,174
2023-10-01 00:34:33,156,172
2023-10-01 00:34:34,161,173
2023-10-01 00:34:35,154,175
2023-10-01 00:34:36,159,176
2023-10-01 00:34:37,149,176
2023-10-01 00:34:38,155,174
2023-10-01 00:34:39,150,175
2023-10-01 00:34:40,149,176
2023-10-01 00:34:41,150,173
2023-10-01 00:34:42,151,177
2023-10-01 00:34:43,151,174
2023-10-01 00:34:44,153,174
2023-10-01 00:34:45,151,176
2023-10-01 00:34:46,159,175
2023-10-01 00:34:47,156,172
2023-10-01 00:34:48,158,173
2023-10-01 00:34:49,159,172
2023-10-01 00:34:50,156,173
2023-10-01 00:34:51,150,172
2023-10-01 00:34:52,149,175
2023-10-01 00:34:53,155,172
2023-10-01 00:34:54,161,173
2023-10-01 00:34:55,159,177
2023-10-01 00:34:56,163,172
2023-10-01 00:34:57,160,176
2023-10-01 00:34:58,146,176
2023-10-01 00:34:59,158,172
2023-10-01 00:35:00,152,177
2023-10-01 00:35:01,158,172
2023-10-01 00:35:02,158,174
2023-10-01 00:35:03,145,174
2023-10-01 00:35:04,148,174
2023-10-01 00:35:05,158,176
2023-10-01 00:35:06,146,174
2023-10-01 00:35:07,152,172
2023-10-01 00:35:08,153,175
2023-10-01 00:35:09,147,172
2023-10-01 00:35:10,150,174
2023-10-01 00:35:11,164,177
2023-10-01 00:35:12,148,173
2023-10-01 00:35:13,150,177
2023-10-01 00:35:14,148,176
2023-10-01 00:35:15,146,174
2023-10-01 00:35:16,151,177
2023-10-01 00:35:17,155,173
2023-10-01 00:35:18,148,173
2023-10-01 00:35:19,148,176
2023-10-01 00:35:20,162,176
2023-10-01 00:35:21,161,177
2023-10-01 00:35:22,149,174
2023-10-01 00:35:23,155,175
2023-10-01 00:35:24,154,174
2023-10-01 00:35:25,150,175
2023-10-01 00:35:26,154,173
2023-10-01 00:35:27,164,176
2023-10-01 00:35:28,151,173
2023-10-01 00:35:29,147,177
2023-10-01 00:35:30,164,174
2023-10-01 00:35:31,162,172
2023-10-01 00:35:32,149,174
2023-10-01 00:35:33,147,177
2023-10-01 00:35:34,164,175
2023-10-01 00:35:35,147,175
2023-10-01 00:35:36,150,174
2023-10-01 00:35:37,156,176
2023-10-01 00:35:38,161,172
2023-10-01 00:35:39,154,174
2023-10-01 00:35:40,161,176
2023-10-01 00:35:41,163,175
2023-10-01 00:35:42,157,174
2023-10-01 00:35:43,153,175
2023-10-01 00:35:44,146,176
2023-10-01 00:35:45,159,172
2023-10-01 00:35:46,161,175
2023-10-01 00:35:47,145,172
2023-10-01 00:35:48,158,173
2023-10-01 00:35:49,148,174
2023-10-01 00:35:50,156,177
2023-10-01 00:35:51,158,177
2023-10-01 00:35:52,164,172
2023-10-01 00:35:53,150,175
2023-10-01 00:35:54,161,172
2023-10-01 00:35:55,153,175
2023-10-01 00:35:56,153,176
2023-10-01 00:35:57,159,174
2023-10-01 00:35:58,159,177
2023-10-01 00:35:59,152,176
2023-10-01 00:36:00,147,177
2023-10-01 00:36:01,145,172
2023-10-01 00:36:02,157,176
2023-10-01 00:36:03,161,177
2023-10-01 00:36:04,161,173
2023-10-01 00:36:05,154,177
2023-10-01 00:36:06,149,173
2023-10-01 00:36:07,155,173
2023-10-01 00:36:08,153,174
2023-10-01 00:36:09,151,172
2023-10-01 00:36:10,154,175
2023-10-01 00:36:11,147,174
2023-10-01 00:36:12,159,174
2023-10-01 00:36:13,146,176
2023-10-01 00:36:14,164,177
2023-10-01 00:36:15,147,174
2023-10-01 00:36:16,149,172
2023-10-01 00:36:17,156,177
2023-10-01 00:36:18,161,177
2023-10-01 00:36:19,145,174
2023-10-01 00:36:20,162,174
2023-10-01 00:36:21,161,176
2023-10-01 00:36:22,147,176
2023-10-01 00:36:23,157,176
2023-10-01 00:36:24,156,175
2023-10-01 00:36:25,152,177
2023-10-01 00:36:26,151,177
2023-10-01 00:36:27,152,175
2023-10-01 00:36:28,163,175
2023-10-01 00:36:29,147,175
2023-10-01 00:36:30,162,175
2023-10-01 00:36:31,164,176
2023-10-01 00:36:32,164,176
2023-10-01 00:36:33,145,172
2023-10-01 00:36:34,145,176
2023-10-01 00:36:35,155,177
2023-10-01 00:36:36,163,174
2023-10-01 00:36:37,159,175
2023-10-01 00:36:38,150,176
2023-10-01 00:36:39,146,174
2023-10-01 00:36:40,146,173
2023-10-01 00:36:41,153,173
2023-10-01 00:36:42,151,172
2023-10-01 00:36:43,158,177
2023-10-01 00:36:44,145,173
2023-10-01 00:36:45,150,175
2023-10-01 00:36:46,148,177
2023-10-01 00:36:47,164,174
2023-10-01 00:36:48,156,177
2023-10-01 00:36:49,159,177
2023-10-01 00:36:50,150,175
2023-10-01 00:36:51,151,175
2023-10-01 00:36:52,156,174
2023-10-01 00:36:53,157,176
2023-10-01 00:36:54,146,173
2023-10-01 00:36:55,163,175
2023-10-01 00:36:56,163,176
2023-10-01 00:36:57,164,177
2023-10-01 00:36:58,148,176
2023-10-01 00:36:59,149,175
2023-10-01 00:37:00,155,174
2023-10-01 00:37:01,155,173
2023-10-01 00:37:02,152,176
2023-10-01 00:37:03,147,172
2023-10-01 00:37:04,163,175
2023-10-01 00:37:05,161,174
2023-10-01 00:37:06,164,176
2023-10-01 00:37:07,159,176
2023-10-01 00:37:08,148,172
2023-10-01 00:37:09,145,174
2023-10-01 00:37:10,153,177
2023-10-01 00:37:11,159,176
2023-10-01 00:37:12,158,175
2023-10-01 00:37:13,148,176
2023-10-01 00:37:14,148,173
2023-10-01 00:37:15,162,175
2023-10-01 00:37:16,148,177
2023-10-01 00:37:17,160,172
2023-10-01 00:37:18,146,173
2023-10-01 00:37:19,148,176
2023-10-01 00:37:20,147,172
2023-10-01 00:37:21,145,174
2023-10-01 00:37:22,159,177
2023-10-01 00:37:23,161,174
2023-10-01 00:37:24,148,176
2023-10-01 00:37:25,148,174
2023-10-01 00:37:26,162,175
2023-10-01 00:37:27,145,172
2023-10-01 00:37:28,162,176
2023-10-01 00:37:29,149,176
2023-10-01 00:37:30,160,174
2023-10-01 00:37:31,159,173
2023-10-01 00:37:32,156,176
2023-10-01 00:37:33,146,177
2023-10-01 00:37:34,158,173
2023-10-01 00:37:35,145,173
2023-10-01 00:37:36,160,174
2023-10-01 00:37:37,150,177
2023-10-01 00:37:38,157,172
2023-10-01 00:37:39,152,175
2023-10-01 00:37:40,154,174
2023-10-01 00:37:41,146,176
2023-10-01 00:37:42,155,173
2023-10-01 00:37:43,157,176
2023-10-01 00:37:44,161,175
2023-10-01 00:37:45,154,174
2023-10-01 00:37:46,146,175
2023-10-01 00:37:47,150,175
2023-10-01 00:37:48,145,173
2023-10-01 00:37:49,162,176
2023-10-01 00:37:50,151,174
2023-10-01 00:37:51,156,173
2023-10-01 00:37:52,146,176
2023-10-01 00:37:53,149,176
2023-10-01 00:37:54,161,173
2023-10-01 00:37:55,161,177
2023-10-01 00:37:56,150,174
2023-10-01 00:37:57,156,176
2023-10-01 00:37:58,160,172
2023-10-01 00:37:59,149,174
2023-10-01 00:38:00,156,174
2023-10-01 00:38:01,153,177
2023-10-01 00:38:02,159,177
2023-10-01 00:38:03,146,172
2023-10-01 00:38:04,157,174
2023-10-01 00:38:05,153,173
2023-10-01 00:38:06,150,176
2023-10-01 00:38:07,158,174
2023-10-01 00:38:08,157,176
2023-10-01 00:38:09,157,176
2023-10-01 00:38:10,155,175
2023-10-01 00:38:11,160,176
2023-10-01 00:38:12,162,175
2023-10-01 00:38:13,157,175
2023-10-01 00:38:14,149,172
2023-10-01 00:38:15,156,177
2023-10-01 00:38:16,160,172
2023-10-01 00:38:17,158,176
2023-10-01 00:38:18,148,175
2023-10-01 00:38:19,153,172
2023-10-01 00:38:20,155,173
2023-10-01 00:38:21,154,174
2023-10-01 00:38:22,159,174
2023-10-01 00:38:23,152,177
2023-10-01 00:38:24,160,177
2023-10-01 00:38:25,152,176
2023-10-01 00:38:26,151,172
2023-10-01 00:38:27,159,177
2023-10-01 00:38:28,148,173
2023-10-01 00:38:29,161,175
2023-10-01 00:38:30,163,174
2023-10-01 00:38:31,163,177
2023-10-01 00:38:32,161,175
2023-10-01 00:38:33,158,176
2023-10-01 00:38:34,163,175
2023-10-01 00:38:35,153,172
2023-10-01 00:38:36,162,177
2023-10-01 00:38:37,157,175
2023-10-01 00:38:38,154,172
2023-10-01 00:38:39,156,172
2023-10-01 00:38:40,163,177
2023-10-01 00:38:41,162,174
2023-10-01 00:38:42,159,172
2023-10-01 00:38:43,147,177
2023-10-01 00:38:44,151,174
2023-10-01 00:38:45,155,176
2023-10-01 00:38:46,158,175
2023-10-01 00:38:47,157,173
2023-10-01 00:38:48,149,175
2023-10-01 00:38:49,154,172
2023-10-01 00:38:50,161,175
2023-10-01 00:38:51,151,174
2023-10-01 00:38:52,147,172
2023-10-01 00:38:53,157,177
2023-10-01 00:38:54,161,175
2023-10-01 00:38:55,163,173
2023-10-01 00:38:56,160,174
2023-10-01 00:38:57,150,175
2023-10-01 00:38:58,146,173
2023-10-01 00:38:59,164,176
2023-10-01 00:39:00,147,173
2023-10-01 00:39:01,162,173
2023-10-01 00:39:02,149,172
2023-10-01 00:39:03,162,172
2023-10-01 00:39:04,145,172
2023-10-01 00:39:05,162,175
2023-10-01 00:39:06,151,177
2023-10-01 00:39:07,157,173
2023-10-01 00:39:08,151,175
2023-10-01 00:39:09,159,172
2023-10-01 00:39:10,149,174
2023-10-01 00:39:11,156,172
2023-10-01 00:39:12,151,177
2023-10-01 00:39:13,161,175
2023-10-01 00:39:14,151,175
2023-10-01 00:39:15,146,174
2023-10-01 00:39:16,152,172
2023-10-01 00:39:17,151,176
2023-10-01 00:39:18,159,176
2023-10-01 00:39:19,156,174
2023-10-01 00:39:20,157,172
2023-10-01 00:39:21,157,175
2023-10-01 00:39:22,162,175
2023-10-01 00:39:23,157,175
2023-10-01 00:39:24,148,176
2023-10-01 00:39:25,151,177
2023-10-01 00:39:26,150,175
2023-10-01 00:39:27,149,173
2023-10-01 00:39:28,156,174
2023-10-01 00:39:29,160,176
2023-10-01 00:39:30,158,177
2023-10-01 00:39:31,161,172
2023-10-01 00:39:32,162,177
2023-10-01 00:39:33,164,177
2023-10-01 00:39:34,156,173
2023-10-01 00:39:35,148,172
2023-10-01 00:39:36,154,174
2023-10-01 00:39:37,149,175
2023-10-01 00:39:38,152,176
2023-10-01 00:39:39,151,175
2023-10-01 00:39:40,157,176
2023-10-01 00:39:41,158,172
2023-10-01 00:39:42,148,177
2023-10-01 00:39:43,155,175
2023-10-01 00:39:44,164,177
2023-10-01 00:39:45,156,174
2023-10-01 00:39:46,148,174
2023-10-01 00:39:47,164,177
2023-10-01 00:39:48,157,175
2023-10-01 00:39:49,164,172
2023-10-01 00:39:50,155,174
2023-10-01 00:39:51,164,174
2023-10-01 00:39:52,155,175
2023-10-01 00:39:53,159,172
2023-10-01 00:39:54,151,173
2023-10-01 00:39:55,148,174
2023-10-01 00:39:56,160,177
2023-10-01 00:39:57,156,172
2023-10-01 00:39:58,157,172
2023-10-01 00:39:59,159,174
2023-10-01 00:40:00,151,175
2023-10-01 00:40:01,157,176
2023-10-01 00:40:02,152,174
2023-10-01 00:40:03,148,173
2023-10-01 00:40:04,147,172
2023-10-01 00:40:05,154,176
2023-10-01 00:40:06,152,175
2023-10-01 00:40:07,154,172
2023-10-01 00:40:08,148,174
2023-10-01 00:40:09,164,173
2023-10-01 00:40:10,161,177
2023-10-01 00:40:11,147,175
2023-10-01 00:40:12,154,174
2023-10-01 00:40:13,156,177
2023-10-01 00:40:14,161,176
2023-10-01 00:40:15,150,176
2023-10-01 00:40:16,156,172
2023-10-01 00:40:17,150,173
2023-10-01 00:40:18,147,172
2023-10-01 00:40:19,153,174
2023-10-01 00:40:20,156,175
2023-10-01 00:40:21,162,173
2023-10-01 00:40:22,158,177
2023-10-01 00:40:23,164,176
2023-10-01 00:40:24,151,175
2023-10-01 00:40:25,153,175
2023-10-01 00:40:26,162,176
2023-10-01 00:40:27,160,175
2023-10-01 00:40:28,145,173
2023-10-01 00:40:29,157,176
2023-10-01 00:40:30,149,172
2023-10-01 00:40:31,150,175
2023-10-01 00:40:32,158,176
2023-10-01 00:40:33,155,177
2023-10-01 00:40:34,162,172
2023-10-01 00:40:35,153,176
2023-10-01 00:40:36,164,176
2023-10-01 00:40:37,146,177
2023-10-01 00:40:38,152,174
2023-10-01 00:40:39,158,174
2023-10-01 00:40:40,152,176
2023-10-01 00:40:41,151,176
2023-10-01 00:40:42,162,175
2023-10-01 00:40:43,153,172
2023-10-01 00:40:44,147,174
2023-10-01 00:40:45,147,176
2023-10-01 00:40:46,163,172
2023-10-01 00:40:47,149,173
2023-10-01 00:40:48,156,176
2023-10-01 00:40:49,159,176
2023-10-01 00:40:50,157,174
2023-10-01 00:40:51,159,173
2023-10-01 00:40:52,149,175
2023-10-01 00:40:53,153,177
2023-10-01 00:40:54,161,177
2023-10-01 00:40:55,164,177
2023-10-01 00:40:56,151,175
2023-10-01 00:40:57,162,172
2023-10-01 00:40:58,147,174
2023-10-01 00:40:59,162,176
2023-10-01 00:41:00,157,174
2023-10-01 00:41:01,162,174
2023-10-01 00:41:02,161,172
2023-10-01 00:41:03,152,173
2023-10-01 00:41:04,155,173
2023-10-01 00:41:05,147,177
2023-10-01 00:41:06,151,172
2023-10-01 00:41:07,145,174
2023-10-01 00:41:08,159,174
2023-10-01 00:41:09,161,176
2023-10-01 00:41:10,150,172
2023-10-01 00:41:11,161,173
2023-10-01 00:41:12,162,177
2023-10-01 00:41:13,158,177
2023-10-01 00:41:14,163,175
2023-10-01 00:41:15,146,172
2023-10-01 00:41:16,147,175
2023-10-01 00:41:17,162,175
2023-10-01 00:41:18,162,175
2023-10-01 00:41:19,162,174
2023-10-01 00:41:20,159,172
2023-10-01 00:41:21,163,172
2023-10-01 00:41:22,148,176
2023-10-01 00:41:23,153,175
2023-10-01 00:41:24,146,176
2023-10-01 00:41:25,146,177
2023-10-01 00:41:26,161,176
2023-10-01 00:41:27,155,173
2023-10-01 00:41:28,153,173
2023-10-01 00:41:29,164,174
2023-10-01 00:41:30,164,175
2023-10-01 00:41:31,148,177
2023-10-01 00:41:32,146,177
2023-10-01 00:41:33,151,173
2023-10-01 00:41:34,157,175
2023-10-01 00:41:35,152,174
2023-10-01 00:41:36,155,177
2023-10-01 00:41:37,158,173
2023-10-01 00:41:38,163,177
2023-10-01 00:41:39,157,176
2023-10-01 00:41:40,153,173
2023-10-01 00:41:41,146,172
2023-10-01 00:41:42,163,175
2023-10-01 00:41:43,156,177
2023-10-01 00:41:44,161,173
2023-10-01 00:41:45,149,174
2023-10-01 00:41:46,163,172
2023-10-01 00:41:47,145,173
2023-10-01 00:41:48,150,176
2023-10-01 00:41:49,149,176
2023-10-01 00:41:50,162,175
2023-10-01 00:41:51,146,172
2023-10-01 00:41:52,152,172
2023-10-01 00:41:53,145,173
2023-10-01 00:41:54,155,173
2023-10-01 00:41:55,151,176
2023-10-01 00:41:56,145,175
2023-10-01 00:41:57,149,173
2023-10-01 00:41:58,158,173
2023-10-01 00:41:59,164,177
2023-10-01 00:42:00,160,174
2023-10-01 00:42:01,154,173
2023-10-01 00:42:02,159,175
2023-10-01 00:42:03,149,175
2023-10-01 00:42:04,164,173
2023-10-01 00:42:05,145,177
2023-10-01 00:42:06,161,177
2023-10-01 00:42:07,150,174
2023-10-01 00:42:08,147,175
2023-10-01 00:42:09,162,177
2023-10-01 00:42:10,164,172
2023-10-01 00:42:11,158,173
2023-10-01 00:42:12,156,173
2023-10-01 00:42:13,148,173
2023-10-01 00:42:14,163,177
2023-10-01 00:42:15,160,174
2023-10-01 00:42:16,147,174
2023-10-01 00:42:17,156,175
2023-10-01 00:42:18,146,173
2023-10-01 00:42:19,145,172
2023-10-01 00:42:20,146,174
2023-10-01 00:42:21,163,177
2023-10-01 00:42:22,156,173
2023-10-01 00:42:23,154,173
2023-10-01 00:42:24,152,172
2023-10-01 00:42:25,145,175
2023-10-01 00:42:26,160,177
2023-10-01 00:42:27,160,175
2023-10-01 00:42:28,150,177
2023-10-01 00:42:29,158,176
2023-10-01 00:42:30,154,177
2023-10-01 00:42:31,149,177
2023-10-01 00:42:32,162,174
2023-10-01 00:42:33,145,172
2023-10-01 00:42:34,154,175
2023-10-01 00:42:35,151,172
2023-10-01 00:42:36,161,177
2023-10-01 00:42:37,157,175
2023-10-01 00:42:38,149,177
2023-10-01 00:42:39,150,173
2023-10-01 00:42:40,163,176
2023-10-01 00:42:41,147,173
2023-10-01 00:42:42,157,177
2023-10-01 00:42:43,148,176
2023-10-01 00:42:44,152,176
2023-10-01 00:42:45,162,176
2023-10-01 00:42:46,150,175
2023-10-01 00:42:47,164,172
2023-10-01 00:42:48,147,173
2023-10-01 00:42:49,152,173
2023-10-01 00:42:50,160,177
2023-10-01 00:42:51,149,173
2023-10-01 00:42:52,162,177
2023-10-01 00:42:53,152,177
2023-10-01 00:42:54,154,174
2023-10-01 00:42:55,159,177
2023-10-01 00:42:56,161,174
2023-10-01 00:42:57,145,172
2023-10-01 00:42:58,163,173
2023-10-01 00:42:59,158,174
2023-10-01 00:43:00,158,175
2023-10-01 00:43:01,148,173
2023-10-01 00:43:02,157,172
2023-10-01 00:43:03,158,173
2023-10-01 00:43:04,158,174
2023-10-01 00:43:05,160,173
2023-10-01 00:43:06,145,176
2023-10-01 00:43:07,162,172
2023-10-01 00:43:08,162,175
2023-10-01 00:43:09,159,173
2023-10-01 00:43:10,156,175
2023-10-01 00:43:11,151,177
2023-10-01 00:43:12,160,174
2023-10-01 00:43:13,151,175
2023-10-01 00:43:14,155,172
2023-10-01 00:43:15,152,173
2023-10-01 00:43:16,155,176
2023-10-01 00:43:17,160,174
2023-10-01 00:43:18,149,173
2023-10-01 00:43:19,154,177
2023-10-01 00:43:20,164,177
2023-10-01 00:43:21,154,174
2023-10-01 00:43:22,161,175
2023-10-01 00:43:23,155,173
2023-10-01 00:43:24,150,173
2023-10-01 00:43:25,158,175
2023-10-01 00:43:26,155,173
2023-10-01 00:43:27,156,175
2023-10-01 00:43:28,161,173
2023-10-01 00:43:29,150,175
2023-10-01 00:43:30,150,177
2023-10-01 00:43:31,160,172
2023-10-01 00:43:32,157,177
2023-10-01 00:43:33,155,177
2023-10-01 00:43:34,158,176
2023-10-01 00:43:35,160,172
2023-10-01 00:43:36,145,173
2023-10-01 00:43:37,164,177
2023-10-01 00:43:38,149,175
2023-10-01 00:43:39,155,174
2023-10-01 00:43:40,156,172
2023-10-01 00:43:41,161,172
2023-10-01 00:43:42,161,177
2023-10-01 00:43:43,154,173
2023-10-01 00:43:44,160,177
2023-10-01 00:43:45,157,175
2023-10-01 00:43:46,156,173
2023-10-01 00:43:47,161,177
2023-10-01 00:43:48,159,173
2023-10-01 00:43:49,157,172
2023-10-01 00:43:50,155,173
2023-10-01 00:43:51,150,176
2023-10-01 00:43:52,159,173
2023-10-01 00:43:53,157,176
2023-10-01 00:43:54,148,172
2023-10-01 00:43:55,147,172
2023-10-01 00:43:56,158,172
2023-10-01 00:43:57,160,174
2023-10-01 00:43:58,155,172
2023-10-01 00:43:59,155,172
2023-10-01 00:44:00,152,175
2023-10-01 00:44:01,160,175
2023-10-01 00:44:02,158,172
2023-10-01 00:44:03,159,172
2023-10-01 00:44:04,161,173
2023-10-01 00:44:05,156,176
2023-10-01 00:44:06,152,174
2023-10-01 00:44:07,160,173
2023-10-01 00:44:08,160,173
2023-10-01 00:44:09,150,176
2023-10-01 00:44:10,159,175
2023-10-01 00:44:11,145,177
2023-10-01 00:44:12,151,175
2023-10-01 00:44:13,146,176
2023-10-01 00:44:14,161,175
2023-10-01 00:44:15,148,175
2023-10-01 00:44:16,156,175
2023-10-01 00:44:17,147,173
2023-10-01 00:44:18,158,173
2023-10-01 00:44:19,151,175
2023-10-01 00:44:20,153,174
2023-10-01 00:44:21,149,172
2023-10-01 00:44:22,154,172
2023-10-01 00:44:23,164,177
2023-10-01 00:44:24,153,172
2023-10-01 00:44:25,164,174
2023-10-01 00:44:26,164,173
2023-10-01 00:44:27,148,174
2023-10-01 00:44:28,154,173
2023-10-01 00:44:29,148,173
2023-10-01 00:44:30,148,174
2023-10-01 00:44:31,149,175
2023-10-01 00:44:32,147,172
2023-10-01 00:44:33,162,172
2023-10-01 00:44:34,164,176
2023-10-01 00:44:35,151,173
2023-10-01 00:44:36,151,173
2023-10-01 00:44:37,151,175
2023-10-01 00:44:38,147,176
2023-10-01 00:44:39,156,175
2023-10-01 00:44:40,149,176
2023-10-01 00:44:41,146,175
2023-10-01 00:44:42,154,175
2023-10-01 00:44:43,148,173
2023-10-01 00:44:44,154,174
2023-10-01 00:44:45,149,172
2023-10-01 00:44:46,153,173
2023-10-01 00:44:47,162,176
2023-10-01 00:44:48,145,176
2023-10-01 00:44:49,161,176
2023-10-01 00:44:50,162,175
2023-10-01 00:44:51,152,177
2023-10-01 00:44:52,164,174
2023-10-01 00:44:53,161,172
2023-10-01 00:44:54,157,174
2023-10-01 00:44:55,151,176
2023-10-01 00:44:56,159,173
2023-10-01 00:44:57,158,173
2023-10-01 00:44:58,156,175
2023-10-01 00:44:59,160,172
2023-10-01 00:45:00,159,176
2023-10-01 00:45:01,154,174
2023-10-01 00:45:02,145,177
2023-10-01 00:45:03,147,177
2023-10-01 00:45:04,146,172
2023-10-01 00:45:05,150,176
2023-10-01 00:45:06,161,174
2023-10-01 00:45:07,150,175
2023-10-01 00:45:08,148,175
2023-10-01 00:45:09,147,174
2023-10-01 00:45:10,151,173
2023-10-01 00:45:11,152,174
2023-10-01 00:45:12,162,176
2023-10-01 00:45:13,148,173
2023-10-01 00:45:14,160,175
2023-10-01 00:45:15,161,175
2023-10-01 00:45:16,149,173
2023-10-01 00:45:17,147,174
2023-10-01 00:45:18,150,173
2023-10-01 00:45:19,158,175
2023-10-01 00:45:20,161,177
2023-10-01 00:45:21,160,175
2023-10-01 00:45:22,160,172
2023-10-01 00:45:23,149,172
2023-10-01 00:45:24,157,175
2023-10-01 00:45:25,155,177
2023-10-01 00:45:26,159,177
2023-10-01 00:45:27,159,177
2023-10-01 00:45:28,145,177
2023-10-01 00:45:29,163,177
2023-10-01 00:45:30,148,176
2023-10-01 00:45:31,162,172
2023-10-01 00:45:32,157,174
2023-10-01 00:45:33,160,175
2023-10-01 00:45:34,148,174
2023-10-01 00:45:35,156,173
2023-10-01 00:45:36,152,173
2023-10-01 00:45:37,146,175
2023-10-01 00:45:38,152,173
2023-10-01 00:45:39,147,172
2023-10-01 00:45:40,157,176
2023-10-01 00:45:41,151,175
2023-10-01 00:45:42,150,175
2023-10-01 00:45:43,153,174
2023-10-01 00:45:44,160,173
2023-10-01 00:45:45,163,176
2023-10-01 00:45:46,161,177
2023-10-01 00:45:47,145,174
2023-10-01 00:45:48,156,175
2023-10-01 00:45:49,164,176
2023-10-01 00:45:50,146,172
2023-10-01 00:45:51,150,176
2023-10-01 00:45:52,155,173
2023-10-01 00:45:53,153,172
2023-10-01 00:45:54,145,175
2023-10-01 00:45:55,153,174
2023-10-01 00:45:56,160,176
2023-10-01 00:45:57,145,174
2023-10-01 00:45:58,155,174
2023-10-01 00:45:59,150,175
2023-10-01 00:46:00,151,175
2023-10-01 00:46:01,148,177
2023-10-01 00:46:02,154,172
2023-10-01 00:46:03,163,177
2023-10-01 00:46:04,150,177
2023-10-01 00:46:05,159,176
2023-10-01 00:46:06,150,177
2023-10-01 00:46:07,152,174
2023-10-01 00:46:08,151,173
2023-10-01 00:46:09,145,173
2023-10-01 00:46:10,161,173
2023-10-01 00:46:11,149,176
2023-10-01 00:46:12,149,177
2023-10-01 00:46:13,156,175
2023-10-01 00:46:14,146,177
2023-10-01 00:46:15,158,176
2023-10-01 00:46:16,153,172
2023-10-01 00:46:17,152,172
2023-10-01 00:46:18,152,175
2023-10-01 00:46:19,152,173
2023-10-01 00:46:20,150,175
2023-10-01 00:46:21,162,177
2023-10-01 00:46:22,156,174
2023-10-01 00:46:23,146,175
2023-10-01 00:46:24,156,173
2023-10-01 00:46:25,152,176
2023-10-01 00:46:26,157,174
2023-10-01 00:46:27,158,176
2023-10-01 00:46:28,146,172
2023-10-01 00:46:29,145,175
2023-10-01 00:46:30,152,172
2023-10-01 00:46:31,164,172
2023-10-01 00:46:32,153,173
2023-10-01 00:46:33,156,177
2023-10-01 00:46:34,161,173
2023-10-01 00:46:35,160,172
2023-10-01 00:46:36,150,172
2023-10-01 00:46:37,151,174
2023-10-01 00:46:38,157,175
2023-10-01 00:46:39,153,173
2023-10-01 00:46:40,147,176
2023-10-01 00:46:41,150,176
2023-10-01 00:46:42,154,174
2023-10-01 00:46:43,154,177
2023-10-01 00:46:44,157,175
2023-10-01 00:46:45,156,174
2023-10-01 00:46:46,161,173
2023-10-01 00:46:47,160,175
2023-10-01 00:46:48,158,173
2023-10-01 00:46:49,149,176
2023-10-01 00:46:50,156,172
2023-10-01 00:46:51,154,174
2023-10-01 00:46:52,150,172
2023-10-01 00:46:53,163,174
2023-10-01 00:46:54,145,174
2023-10-01 00:46:55,154,175
2023-10-01 00:46:56,163,175
2023-10-01 00:46:57,159,174
2023-10-01 00:46:58,147,177
2023-10-01 00:46:59,152,175
2023-10-01 00:47:00,162,174
2023-10-01 00:47:01,152,177
2023-10-01 00:47:02,147,177
2023-10-01 00:47:03,157,173
2023-10-01 00:47:04,160,173
2023-10-01 00:47:05,148,176
2023-10-01 00:47:06,150,174
2023-10-01 00:47:07,164,177
2023-10-01 00:47:08,160,175
2023-10-01 00:47:09,147,175
2023-10-01 00:47:10,162,174
2023-10-01 00:47:11,150,176
2023-10-01 00:47:12,160,173
2023-10-01 00:47:13,152,172
2023-10-01 00:47:14,157,173
2023-10-01 00:47:15,146,172
2023-10-01 00:47:16,164,172
2023-10-01 00:47:17,152,175
2023-10-01 00:47:18,146,174
2023-10-01 00:47:19,154,174
2023-10-01 00:47:20,162,172
2023-10-01 00:47:21,164,176
2023-10-01 00:47:22,159,175
2023-10-01 00:47:23,162,177
2023-10-01 00:47:24,146,175
2023-10-01 00:47:25,162,172
2023-10-01 00:47:26,164,174
2023-10-01 00:47:27,159,175
2023-10-01 00:47:28,152,177
2023-10-01 00:47:29,154,177
2023-10-01 00:47:30,148,173
2023-10-01 00:47:31,158,177
2023-10-01 00:47:32,156,172
2023-10-01 00:47:33,164,172
2023-10-01 00:47:34,145,176
2023-10-01 00:47:35,156,175
2023-10-01 00:47:36,158,174
2023-10-01 00:47:37,162,175
2023-10-01 00:47:38,162,177
2023-10-01 00:47:39,147,174
2023-10-01 00:47:40,145,173
2023-10-01 00:47:41,145,173
2023-10-01 00:47:42,160,177
2023-10-01 00:47:43,155,172
2023-10-01 00:47:44,162,174
2023-10-01 00:47:45,150,174
2023-10-01 00:47:46,145,176
2023-10-01 00:47:47,159,176
2023-10-01 00:47:48,164,177
2023-10-01 00:47:49,155,177
2023-10-01 00:47:50,146,175
2023-10-01 00:47:51,152,173
2023-10-01 00:47:52,163,173
2023-10-01 00:47:53,147,176
2023-10-01 00:47:54,151,173
2023-10-01 00:47:55,146,177
2023-10-01 00:47:56,157,172
2023-10-01 00:47:57,146,175
2023-10-01 00:47:58,151,176
2023-10-01 00:47:59,148,173
2023-10-01 00:48:00,151,172
2023-10-01 00:48:01,163,176
2023-10-01 00:48:02,156,177
2023-10-01 00:48:03,158,172
2023-10-01 00:48:04,162,173
2023-10-01 00:48:05,149,177
2023-10-01 00:48:06,146,177
2023-10-01 00:48:07,157,177
2023-10-01 00:48:08,145,176
2023-10-01 00:48:09,157,172
2023-10-01 00:48:10,151,172
2023-10-01 00:48:11,162,174
2023-10-01 00:48:12,148,177
2023-10-01 00:48:13,153,174
2023-10-01 00:48:14,157,176
2023-10-01 00:48:15,156,173
2023-10-01 00:48:16,151,172
2023-10-01 00:48:17,152,177
2023-10-01 00:48:18,158,173
2023-10-01 00:48:19,146,176
2023-10-01 00:48:20,162,177
2023-10-01 00:48:21,147,173
2023-10-01 00:48:22,158,177
2023-10-01 00:48:23,158,175
2023-10-01 00:48:24,155,174
2023-10-01 00:48:25,159,172
2023-10-01 00:48:26,156,176
2023-10-01 00:48:27,160,177
2023-10-01 00:48:28,151,172
2023-10-01 00:48:29,145,177
2023-10-01 00:48:30,149,173
2023-10-01 00:48:31,153,172
2023-10-01 00:48:32,159,174
2023-10-01 00:48:33,160,177
2023-10-01 00:48:34,154,175
2023-10-01 00:48:35,145,175
2023-10-01 00:48:36,161,175
2023-10-01 00:48:37,149,173
2023-10-01 00:48:38,154,172
2023-10-01 00:48:39,152,175
2023-10-01 00:48:40,162,175
2023-10-01 00:48:41,152,177
2023-10-01 00:48:42,151,176
2023-10-01 00:48:43,156,177
2023-10-01 00:48:44,145,176
2023-10-01 00:48:45,155,173
2023-10-01 00:48:46,164,177
2023-10-01 00:48:47,157,174
2023-10-01 00:48:48,160,176
2023-10-01 00:48:49,153,173
2023-10-01 00:48:50,155,175
2023-10-01 00:48:51,146,172
2023-10-01 00:48:52,149,176
2023-10-01 00:48:53,150,175
2023-10-01 00:48:54,164,173
2023-10-01 00:48:55,161,177
2023-10-01 00:48:56,163,175
2023-10-01 00:48:57,146,177
2023-10-01 00:48:58,152,172
2023-10-01 00:48:59,146,177
2023-10-01 00:49:00,152,177
2023-10-01 00:49:01,153,175
2023-10-01 00:49:02,160,177
2023-10-01 00:49:03,147,172
2023-10-01 00:49:04,161,173
2023-10-01 00:49:05,160,172
2023-10-01 00:49:06,147,176
2023-10-01 00:49:07,154,177
2023-10-01 00:49:08,155,177
2023-10-01 00:49:09,154,177
2023-10-01 00:49:10,161,177
2023-10-01 00:49:11,155,176
2023-10-01 00:49:12,147,177
2023-10-01 00:49:13,154,176
2023-10-01 00:49:14,147,175
2023-10-01 00:49:15,154,175
2023-10-01 00:49:16,150,176
2023-10-01 00:49:17,150,177
2023-10-01 00:49:18,154,173
2023-10-01 00:49:19,154,175
2023-10-01 00:49:20,156,175
2023-10-01 00:49:21,156,176
2023-10-01 00:49:22,145,174
2023-10-01 00:49:23,147,173
2023-10-01 00:49:24,161,174
2023-10-01 00:49:25,161,174
2023-10-01 00:49:26,162,175
2023-10-01 00:49:27,158,176
2023-10-01 00:49:28,164,175
2023-10-01 00:49:29,151,175
2023-10-01 00:49:30,154,172
2023-10-01 00:49:31,160,173
2023-10-01 00:49:32,155,172
2023-10-01 00:49:33,155,174
2023-10-01 00:49:34,148,176
2023-10-01 00:49:35,145,176
2023-10-01 00:49:36,150,172
2023-10-01 00:49:37,157,176
2023-10-01 00:49:38,153,175
2023-10-01 00:49:39,149,176
2023-10-01 00:49:40,161,172
2023-10-01 00:49:41,149,174
2023-10-01 00:49:42,164,175
2023-10-01 00:49:43,153,172
2023-10-01 00:49:44,151,174
2023-10-01 00:49:45,150,175
2023-10-01 00:49:46,160,175
2023-10-01 00:49:47,155,177
2023-10-01 00:49:48,147,176
2023-10-01 00:49:49,147,176
2023-10-01 00:49:50,147,177
2023-10-01 00:49:51,151,172
2023-10-01 00:49:52,153,172
2023-10-01 00:49:53,162,175
2023-10-01 00:49:54,147,172
2023-10-01 00:49:55,155,173
2023-10-01 00:49:56,163,175
2023-10-01 00:49:57,155,172
2023-10-01 00:49:58,145,176
2023-10-01 00:49:59,155,174
